18.06.1998;1,6819
22.06.1998;1,6583
23.06.1998;1,6684
24.06.1998;1,6819
25.06.1998;1,7222
26.06.1998;1,7256
29.06.1998;1,7475
30.06.1998;1,7542
01.07.1998;1,7475
02.07.1998;1,7761
03.07.1998;1,7761
06.07.1998;1,7693
07.07.1998;1,7777
08.07.1998;1,7895
09.07.1998;1,8097
10.07.1998;1,7996
13.07.1998;1,8097
14.07.1998;1,8013
15.07.1998;1,8215
16.07.1998;1,8332
17.07.1998;1,8366
20.07.1998;1,8400
21.07.1998;1,8299
22.07.1998;1,8063
23.07.1998;1,8047
24.07.1998;1,7761
27.07.1998;1,7727
28.07.1998;1,7845
29.07.1998;1,7492
30.07.1998;1,7441
31.07.1998;1,7643
03.08.1998;1,7256
04.08.1998;1,7071
05.08.1998;1,6533
06.08.1998;1,6701
07.08.1998;1,6768
10.08.1998;1,6785
11.08.1998;1,6768
12.08.1998;1,6466
13.08.1998;1,6735
14.08.1998;1,6567
17.08.1998;1,6583
18.08.1998;1,6667
19.08.1998;1,7105
20.08.1998;1,6987
21.08.1998;1,6869
24.08.1998;1,6718
25.08.1998;1,6718
26.08.1998;1,6869
27.08.1998;1,6701
28.08.1998;1,6045
31.08.1998;1,5490
01.09.1998;1,4548
02.09.1998;1,5171
03.09.1998;1,5002
04.09.1998;1,4716
07.09.1998;1,4548
08.09.1998;1,4632
09.09.1998;1,5271
10.09.1998;1,4733
11.09.1998;1,4145
14.09.1998;1,4498
15.09.1998;1,4649
16.09.1998;1,4599
17.09.1998;1,4700
18.09.1998;1,4363
21.09.1998;1,4447
22.09.1998;1,4346
23.09.1998;1,4212
24.09.1998;1,4616
25.09.1998;1,4380
28.09.1998;1,4380
29.09.1998;1,4515
30.09.1998;1,4431
01.10.1998;1,3993
02.10.1998;1,3438
05.10.1998;1,3522
06.10.1998;1,3253
07.10.1998;1,3489
08.10.1998;1,3505
09.10.1998;1,3539
12.10.1998;1,3758
13.10.1998;1,4195
14.10.1998;1,3876
15.10.1998;1,4010
16.10.1998;1,4447
19.10.1998;1,4515
20.10.1998;1,4700
21.10.1998;1,4683
22.10.1998;1,4918
23.10.1998;1,4901
26.10.1998;1,4885
27.10.1998;1,5070
28.10.1998;1,4952
29.10.1998;1,4868
30.10.1998;1,4969
02.11.1998;1,5086
03.11.1998;1,5456
04.11.1998;1,5456
05.11.1998;1,5692
06.11.1998;1,5658
09.11.1998;1,5995
10.11.1998;1,5927
11.11.1998;1,5894
12.11.1998;1,5860
13.11.1998;1,5843
16.11.1998;1,5944
17.11.1998;1,6011
18.11.1998;1,5911
19.11.1998;1,6028
20.11.1998;1,6348
23.11.1998;1,6516
24.11.1998;1,7004
25.11.1998;1,6785
26.11.1998;1,6819
27.11.1998;1,6802
30.11.1998;1,6937
01.12.1998;1,6432
02.12.1998;1,6499
03.12.1998;1,6297
04.12.1998;1,6011
07.12.1998;1,6314
08.12.1998;1,6398
09.12.1998;1,6314
10.12.1998;1,6297
11.12.1998;1,5995
14.12.1998;1,5860
15.12.1998;1,5709
16.12.1998;1,6062
17.12.1998;1,6196
18.12.1998;1,6297
21.12.1998;1,6466
22.12.1998;1,6684
23.12.1998;1,6718
28.12.1998;1,7138
29.12.1998;1,6987
30.12.1998;1,7172
31.12.1998;1,7172
01.01.1999;1,7172
04.01.1999;1,6950
05.01.1999;1,6890
07.01.1999;1,7570
08.01.1999;1,7410
11.01.1999;1,7560
12.01.1999;1,7810
13.01.1999;1,7590
14.01.1999;1,7250
15.01.1999;1,6870
18.01.1999;1,7340
19.01.1999;1,7330
20.01.1999;1,7520
21.01.1999;1,7580
22.01.1999;1,7230
25.01.1999;1,7040
26.01.1999;1,7180
27.01.1999;1,7550
28.01.1999;1,7500
29.01.1999;1,7900
01.02.1999;1,8170
02.02.1999;1,8220
03.02.1999;1,8080
04.02.1999;1,8220
05.02.1999;1,7850
08.02.1999;1,7930
09.02.1999;1,7790
10.02.1999;1,7500
11.02.1999;1,7760
12.02.1999;1,8200
15.02.1999;1,7930
16.02.1999;1,8030
17.02.1999;1,8100
18.02.1999;1,7960
19.02.1999;1,8190
22.02.1999;1,8570
23.02.1999;1,8890
24.02.1999;1,9030
25.02.1999;1,8790
26.02.1999;1,8690
01.03.1999;1,8590
02.03.1999;1,8680
03.03.1999;1,8540
04.03.1999;1,8600
05.03.1999;1,8950
08.03.1999;1,9400
09.03.1999;1,9410
10.03.1999;1,9410
11.03.1999;1,9380
12.03.1999;1,9540
15.03.1999;1,9730
16.03.1999;1,9970
17.03.1999;1,9750
18.03.1999;1,9540
19.03.1999;1,9750
22.03.1999;1,9870
23.03.1999;1,9730
24.03.1999;1,9240
25.03.1999;1,9340
26.03.1999;1,9770
29.03.1999;1,9670
30.03.1999;2,0050
31.03.1999;1,9820
01.04.1999;1,9560
06.04.1999;1,9950
07.04.1999;1,9680
08.04.1999;1,9980
09.04.1999;2,0280
12.04.1999;2,0280
13.04.1999;2,0160
14.04.1999;2,0210
15.04.1999;1,9960
16.04.1999;2,0170
19.04.1999;2,0230
20.04.1999;2,0060
21.04.1999;2,0250
22.04.1999;2,0610
23.04.1999;2,0750
26.04.1999;2,0890
27.04.1999;2,1030
28.04.1999;2,0900
29.04.1999;2,0740
30.04.1999;2,0610
03.05.1999;2,0670
04.05.1999;2,0800
05.05.1999;2,0450
06.05.1999;2,0490
07.05.1999;2,0410
10.05.1999;2,0520
11.05.1999;2,0270
12.05.1999;2,0580
14.05.1999;2,0710
17.05.1999;2,0400
18.05.1999;2,0280
19.05.1999;2,0300
20.05.1999;2,0300
21.05.1999;2,0540
24.05.1999;2,0440
25.05.1999;2,0100
26.05.1999;1,9880
27.05.1999;2,0420
28.05.1999;2,0220
31.05.1999;2,0270
01.06.1999;2,0380
02.06.1999;2,0330
03.06.1999;2,0500
04.06.1999;2,0620
07.06.1999;2,1110
08.06.1999;2,1120
09.06.1999;2,0610
10.06.1999;2,0630
11.06.1999;2,0530
14.06.1999;2,0430
15.06.1999;2,0520
16.06.1999;2,0510
17.06.1999;2,0970
18.06.1999;2,1040
21.06.1999;2,0910
22.06.1999;2,1170
23.06.1999;2,1140
24.06.1999;2,1060
28.06.1999;2,0680
29.06.1999;2,0930
30.06.1999;2,1160
01.07.1999;2,1390
02.07.1999;2,1820
05.07.1999;2,1900
06.07.1999;2,1910
07.07.1999;2,1730
08.07.1999;2,1860
09.07.1999;2,1770
12.07.1999;2,2260
13.07.1999;2,2450
14.07.1999;2,2430
15.07.1999;2,2360
16.07.1999;2,2620
19.07.1999;2,2820
20.07.1999;2,2420
21.07.1999;2,1790
22.07.1999;2,1720
23.07.1999;2,1250
26.07.1999;2,1070
27.07.1999;2,0750
28.07.1999;2,1090
29.07.1999;2,1210
30.07.1999;2,0870
02.08.1999;2,0820
03.08.1999;2,0840
04.08.1999;2,0710
05.08.1999;2,0360
06.08.1999;2,0410
09.08.1999;2,0420
10.08.1999;2,0450
11.08.1999;2,0320
12.08.1999;2,0600
13.08.1999;2,0520
16.08.1999;2,0990
17.08.1999;2,1110
18.08.1999;2,1520
19.08.1999;2,1470
20.08.1999;2,1130
23.08.1999;2,1330
24.08.1999;2,1870
25.08.1999;2,1750
26.08.1999;2,2290
27.08.1999;2,2080
30.08.1999;2,2010
31.08.1999;2,1690
01.09.1999;2,1400
02.09.1999;2,1530
03.09.1999;2,1050
06.09.1999;2,1680
07.09.1999;2,1760
08.09.1999;2,1760
09.09.1999;2,1550
10.09.1999;2,1910
13.09.1999;2,2150
14.09.1999;2,2140
15.09.1999;2,2240
16.09.1999;2,1770
17.09.1999;2,1820
20.09.1999;2,1890
21.09.1999;2,2070
22.09.1999;2,1520
23.09.1999;2,1510
24.09.1999;2,0880
27.09.1999;2,0980
28.09.1999;2,1130
29.09.1999;2,0890
30.09.1999;2,0410
01.10.1999;2,0320
04.10.1999;2,0380
05.10.1999;2,0670
06.10.1999;2,0660
07.10.1999;2,1100
08.10.1999;2,0980
11.10.1999;2,1100
12.10.1999;2,1080
13.10.1999;2,0480
14.10.1999;2,0140
15.10.1999;2,0140
18.10.1999;1,9640
19.10.1999;1,9720
20.10.1999;1,9900
21.10.1999;2,0410
22.10.1999;2,0260
25.10.1999;2,0520
26.10.1999;2,0420
27.10.1999;2,0630
28.10.1999;2,0770
29.10.1999;2,1370
01.11.1999;2,1560
02.11.1999;2,1460
03.11.1999;2,1360
04.11.1999;2,1430
05.11.1999;2,1790
08.11.1999;2,1480
09.11.1999;2,1650
10.11.1999;2,1400
11.11.1999;2,1380
12.11.1999;2,1490
15.11.1999;2,1880
16.11.1999;2,1910
17.11.1999;2,2020
18.11.1999;2,1840
19.11.1999;2,2280
22.11.1999;2,2290
23.11.1999;2,2550
24.11.1999;2,2690
25.11.1999;2,3040
26.11.1999;2,3170
29.11.1999;2,3070
30.11.1999;2,3290
01.12.1999;2,2990
02.12.1999;2,3270
03.12.1999;2,3350
07.12.1999;2,3240
08.12.1999;2,2930
09.12.1999;2,2770
10.12.1999;2,3010
13.12.1999;2,3060
14.12.1999;2,2840
15.12.1999;2,3100
16.12.1999;2,3100
17.12.1999;2,3010
20.12.1999;2,3480
21.12.1999;2,3520
22.12.1999;2,3540
23.12.1999;2,3860
27.12.1999;2,4040
28.12.1999;2,4290
29.12.1999;2,4430
30.12.1999;2,4520
03.01.2000;2,4530
04.01.2000;2,4230
05.01.2000;2,3420
07.01.2000;2,3150
10.01.2000;2,3720
11.01.2000;2,4300
12.01.2000;2,4260
13.01.2000;2,4120
14.01.2000;2,4340
17.01.2000;2,4760
18.01.2000;2,4770
19.01.2000;2,4820
20.01.2000;2,4720
21.01.2000;2,4410
24.01.2000;2,4610
25.01.2000;2,4650
26.01.2000;2,4750
27.01.2000;2,4480
28.01.2000;2,4860
31.01.2000;2,4590
01.02.2000;2,4830
02.02.2000;2,4870
03.02.2000;2,4950
04.02.2000;2,4900
07.02.2000;2,5090
08.02.2000;2,4960
09.02.2000;2,4920
10.02.2000;2,4490
11.02.2000;2,4530
14.02.2000;2,4110
15.02.2000;2,4120
16.02.2000;2,4300
17.02.2000;2,3980
18.02.2000;2,4060
21.02.2000;2,3670
22.02.2000;2,3400
23.02.2000;2,3170
24.02.2000;2,3270
25.02.2000;2,3190
28.02.2000;2,3540
29.02.2000;2,3750
01.03.2000;2,3860
02.03.2000;2,3850
03.03.2000;2,3890
06.03.2000;2,4470
07.03.2000;2,4040
08.03.2000;2,3210
09.03.2000;2,3120
10.03.2000;2,3240
13.03.2000;2,3050
14.03.2000;2,2990
15.03.2000;2,2700
16.03.2000;2,3780
17.03.2000;2,4520
20.03.2000;2,4440
21.03.2000;2,4760
22.03.2000;2,5480
23.03.2000;2,5440
24.03.2000;2,5480
27.03.2000;2,5380
28.03.2000;2,5440
29.03.2000;2,5680
30.03.2000;2,6100
31.03.2000;2,5960
03.04.2000;2,6340
04.04.2000;2,6240
05.04.2000;2,6180
06.04.2000;2,5840
07.04.2000;2,6180
10.04.2000;2,6390
11.04.2000;2,6210
12.04.2000;2,6450
13.04.2000;2,6270
14.04.2000;2,5960
17.04.2000;2,4670
18.04.2000;2,5650
19.04.2000;2,5860
20.04.2000;2,6070
25.04.2000;2,6190
26.04.2000;2,7180
27.04.2000;2,6860
28.04.2000;2,6970
02.05.2000;2,6880
03.05.2000;2,6990
04.05.2000;2,7110
05.05.2000;2,7110
08.05.2000;2,6840
09.05.2000;2,7030
10.05.2000;2,6870
11.05.2000;2,6720
12.05.2000;2,7150
15.05.2000;2,6780
16.05.2000;2,7370
17.05.2000;2,7690
18.05.2000;2,7560
19.05.2000;2,7460
22.05.2000;2,7000
23.05.2000;2,6570
24.05.2000;2,6420
25.05.2000;2,6780
26.05.2000;2,6150
29.05.2000;2,5850
30.05.2000;2,6010
31.05.2000;2,6390
02.06.2000;2,6150
05.06.2000;2,6300
06.06.2000;2,6060
07.06.2000;2,5860
08.06.2000;2,5960
09.06.2000;2,5870
12.06.2000;2,5710
13.06.2000;2,5490
14.06.2000;2,5260
15.06.2000;2,5390
16.06.2000;2,5640
19.06.2000;2,4810
20.06.2000;2,5230
21.06.2000;2,5280
22.06.2000;2,5460
26.06.2000;2,5790
27.06.2000;2,6110
28.06.2000;2,5720
29.06.2000;2,5730
30.06.2000;2,5300
03.07.2000;2,5710
04.07.2000;2,5970
05.07.2000;2,5910
06.07.2000;2,5680
07.07.2000;2,5960
10.07.2000;2,6140
11.07.2000;2,5920
12.07.2000;2,5910
13.07.2000;2,6080
14.07.2000;2,6270
17.07.2000;2,6410
18.07.2000;2,6310
19.07.2000;2,6460
20.07.2000;2,6530
21.07.2000;2,6680
24.07.2000;2,6190
25.07.2000;2,5930
26.07.2000;2,5970
27.07.2000;2,5700
28.07.2000;2,5760
31.07.2000;2,5860
01.08.2000;2,5830
02.08.2000;2,6420
03.08.2000;2,6510
04.08.2000;2,6850
07.08.2000;2,6830
08.08.2000;2,6840
09.08.2000;2,7080
10.08.2000;2,6790
11.08.2000;2,6800
14.08.2000;2,7130
15.08.2000;2,7240
16.08.2000;2,6870
17.08.2000;2,6780
18.08.2000;2,6760
21.08.2000;2,7000
22.08.2000;2,7140
23.08.2000;2,7310
24.08.2000;2,7000
25.08.2000;2,7010
28.08.2000;2,6870
29.08.2000;2,7090
30.08.2000;2,7180
31.08.2000;2,6970
01.09.2000;2,6950
04.09.2000;2,6780
05.09.2000;2,6880
06.09.2000;2,7230
07.09.2000;2,7490
08.09.2000;2,7390
11.09.2000;2,7540
12.09.2000;2,7580
13.09.2000;2,7560
14.09.2000;2,7620
15.09.2000;2,6940
18.09.2000;2,7230
19.09.2000;2,7200
20.09.2000;2,7410
21.09.2000;2,7120
22.09.2000;2,6840
25.09.2000;2,6700
26.09.2000;2,6740
27.09.2000;2,6210
28.09.2000;2,6080
29.09.2000;2,6640
02.10.2000;2,6400
03.10.2000;2,6720
04.10.2000;2,6340
05.10.2000;2,6490
06.10.2000;2,6950
09.10.2000;2,6790
10.10.2000;2,6670
11.10.2000;2,6430
12.10.2000;2,6460
13.10.2000;2,6040
16.10.2000;2,6310
17.10.2000;2,6290
18.10.2000;2,5750
19.10.2000;2,6080
20.10.2000;2,6740
23.10.2000;2,6930
24.10.2000;2,6870
25.10.2000;2,7200
26.10.2000;2,7660
27.10.2000;2,7740
30.10.2000;2,7670
31.10.2000;2,8170
01.11.2000;2,7850
02.11.2000;2,7670
03.11.2000;2,7850
06.11.2000;2,7820
07.11.2000;2,8160
08.11.2000;2,8170
09.11.2000;2,8240
10.11.2000;2,7740
13.11.2000;2,7710
14.11.2000;2,7620
15.11.2000;2,7790
16.11.2000;2,8120
17.11.2000;2,8180
20.11.2000;2,8410
21.11.2000;2,7980
22.11.2000;2,8140
23.11.2000;2,8200
24.11.2000;2,8220
27.11.2000;2,8040
28.11.2000;2,7720
29.11.2000;2,7520
30.11.2000;2,7660
01.12.2000;2,6710
04.12.2000;2,6600
05.12.2000;2,6340
07.12.2000;2,5720
08.12.2000;2,5990
11.12.2000;2,5890
12.12.2000;2,5980
13.12.2000;2,6260
14.12.2000;2,6200
15.12.2000;2,5890
18.12.2000;2,5120
19.12.2000;2,5630
20.12.2000;2,5680
21.12.2000;2,4710
22.12.2000;2,4780
27.12.2000;2,4890
28.12.2000;2,5360
29.12.2000;2,5600
02.01.2001;2,5300
03.01.2001;2,4760
04.01.2001;2,5420
05.01.2001;2,4500
08.01.2001;2,4430
09.01.2001;2,4760
10.01.2001;2,4810
11.01.2001;2,4800
12.01.2001;2,4410
15.01.2001;2,4570
16.01.2001;2,4750
17.01.2001;2,4820
18.01.2001;2,5060
19.01.2001;2,4930
22.01.2001;2,4990
23.01.2001;2,4740
24.01.2001;2,4990
25.01.2001;2,5280
26.01.2001;2,5200
29.01.2001;2,5100
30.01.2001;2,5190
31.01.2001;2,5190
01.02.2001;2,4850
02.02.2001;2,5080
05.02.2001;2,4950
06.02.2001;2,5210
07.02.2001;2,5550
08.02.2001;2,5420
09.02.2001;2,5500
12.02.2001;2,4890
13.02.2001;2,5080
14.02.2001;2,5270
15.02.2001;2,5120
16.02.2001;2,5600
19.02.2001;2,5340
20.02.2001;2,5120
21.02.2001;2,5170
22.02.2001;2,4860
23.02.2001;2,4670
26.02.2001;2,4380
27.02.2001;2,4670
28.02.2001;2,4190
01.03.2001;2,3960
02.03.2001;2,3770
05.03.2001;2,3500
06.03.2001;2,3710
07.03.2001;2,3690
08.03.2001;2,3820
09.03.2001;2,3930
12.03.2001;2,3400
13.03.2001;2,2870
14.03.2001;2,3220
15.03.2001;2,2820
16.03.2001;2,3270
19.03.2001;2,3050
20.03.2001;2,3110
21.03.2001;2,2640
22.03.2001;2,2550
23.03.2001;2,2740
26.03.2001;2,3010
27.03.2001;2,3080
28.03.2001;2,3500
29.03.2001;2,3280
30.03.2001;2,3440
02.04.2001;2,3690
03.04.2001;2,3450
04.04.2001;2,2460
05.04.2001;2,2370
06.04.2001;2,3130
09.04.2001;2,2730
10.04.2001;2,2920
11.04.2001;2,3260
12.04.2001;2,3290
17.04.2001;2,3470
18.04.2001;2,3710
19.04.2001;2,4160
20.04.2001;2,4270
23.04.2001;2,3930
24.04.2001;2,3880
25.04.2001;2,3660
26.04.2001;2,3930
27.04.2001;2,3960
30.04.2001;2,4490
02.05.2001;2,4960
03.05.2001;2,5110
04.05.2001;2,4850
07.05.2001;2,5010
08.05.2001;2,5130
09.05.2001;2,5220
10.05.2001;2,4940
11.05.2001;2,5230
14.05.2001;2,5270
15.05.2001;2,5170
16.05.2001;2,5110
17.05.2001;2,5520
18.05.2001;2,5600
21.05.2001;2,5670
22.05.2001;2,6180
23.05.2001;2,6370
25.05.2001;2,6560
28.05.2001;2,6360
29.05.2001;2,6430
30.05.2001;2,6290
31.05.2001;2,6130
01.06.2001;2,6260
04.06.2001;2,6310
05.06.2001;2,6480
06.06.2001;2,6490
07.06.2001;2,6540
08.06.2001;2,6600
11.06.2001;2,6310
12.06.2001;2,6450
13.06.2001;2,6080
14.06.2001;2,5970
15.06.2001;2,5450
18.06.2001;2,5120
19.06.2001;2,5050
20.06.2001;2,5310
21.06.2001;2,5530
25.06.2001;2,5480
26.06.2001;2,5420
27.06.2001;2,5350
28.06.2001;2,5340
29.06.2001;2,5960
02.07.2001;2,5800
03.07.2001;2,6030
04.07.2001;2,5950
05.07.2001;2,6000
06.07.2001;2,5940
09.07.2001;2,5150
10.07.2001;2,5170
11.07.2001;2,4840
12.07.2001;2,4870
13.07.2001;2,5480
16.07.2001;2,5480
17.07.2001;2,5540
18.07.2001;2,5580
19.07.2001;2,4970
20.07.2001;2,5210
23.07.2001;2,5060
24.07.2001;2,4770
25.07.2001;2,4470
26.07.2001;2,4560
27.07.2001;2,4620
30.07.2001;2,4700
31.07.2001;2,4590
01.08.2001;2,4640
02.08.2001;2,4790
03.08.2001;2,4930
06.08.2001;2,4810
07.08.2001;2,4590
08.08.2001;2,4710
09.08.2001;2,4290
10.08.2001;2,4050
13.08.2001;2,4000
14.08.2001;2,4000
15.08.2001;2,3840
16.08.2001;2,3530
17.08.2001;2,3770
20.08.2001;2,3240
21.08.2001;2,3520
22.08.2001;2,3340
23.08.2001;2,3500
24.08.2001;2,3460
27.08.2001;2,3900
28.08.2001;2,3880
29.08.2001;2,3380
30.08.2001;2,3320
31.08.2001;2,2750
03.09.2001;2,3110
04.09.2001;2,3290
05.09.2001;2,3800
06.09.2001;2,3780
07.09.2001;2,3290
10.09.2001;2,2720
11.09.2001;2,2920
18.09.2001;2,1420
19.09.2001;2,1190
20.09.2001;2,0930
21.09.2001;2,0280
24.09.2001;1,9860
25.09.2001;2,0530
26.09.2001;2,0310
27.09.2001;2,0340
28.09.2001;2,0570
01.10.2001;2,0970
02.10.2001;2,0680
03.10.2001;2,0820
04.10.2001;2,1260
05.10.2001;2,1190
08.10.2001;2,1320
09.10.2001;2,1190
10.10.2001;2,1220
11.10.2001;2,1770
12.10.2001;2,2090
15.10.2001;2,1740
16.10.2001;2,1750
17.10.2001;2,1860
18.10.2001;2,1680
19.10.2001;2,1700
22.10.2001;2,2200
23.10.2001;2,2680
24.10.2001;2,2610
25.10.2001;2,2520
26.10.2001;2,2560
29.10.2001;2,2690
30.10.2001;2,1910
31.10.2001;2,1680
01.11.2001;2,1880
02.11.2001;2,2250
05.11.2001;2,2460
06.11.2001;2,2890
07.11.2001;2,3090
08.11.2001;2,3030
09.11.2001;2,3200
12.11.2001;2,3010
13.11.2001;2,2980
14.11.2001;2,3540
15.11.2001;2,3650
16.11.2001;2,3900
19.11.2001;2,4040
20.11.2001;2,4190
21.11.2001;2,3870
22.11.2001;2,3930
23.11.2001;2,3860
26.11.2001;2,4030
27.11.2001;2,4210
28.11.2001;2,3860
29.11.2001;2,3470
30.11.2001;2,3670
03.12.2001;2,3660
04.12.2001;2,3630
05.12.2001;2,3940
07.12.2001;2,4340
10.12.2001;2,4150
11.12.2001;2,3920
12.12.2001;2,3930
13.12.2001;2,4040
14.12.2001;2,3740
17.12.2001;2,3570
18.12.2001;2,3720
19.12.2001;2,4010
20.12.2001;2,4160
21.12.2001;2,3820
27.12.2001;2,4640
28.12.2001;2,4630
02.01.2002;2,4200
03.01.2002;2,4090
04.01.2002;2,4480
07.01.2002;2,4450
08.01.2002;2,4450
09.01.2002;2,4340
10.01.2002;2,4220
11.01.2002;2,4140
14.01.2002;2,4010
15.01.2002;2,3800
16.01.2002;2,4270
17.01.2002;2,3930
18.01.2002;2,4420
21.01.2002;2,4090
22.01.2002;2,4130
23.01.2002;2,3870
24.01.2002;2,4090
25.01.2002;2,4190
28.01.2002;2,4600
29.01.2002;2,4750
30.01.2002;2,4180
31.01.2002;2,4460
01.02.2002;2,4840
04.02.2002;2,4760
05.02.2002;2,4310
06.02.2002;2,4340
07.02.2002;2,4120
08.02.2002;2,4060
11.02.2002;2,4100
12.02.2002;2,4280
13.02.2002;2,4190
14.02.2002;2,4610
15.02.2002;2,4680
18.02.2002;2,4520
19.02.2002;2,4540
20.02.2002;2,3920
21.02.2002;2,4470
22.02.2002;2,4200
25.02.2002;2,4260
26.02.2002;2,4680
27.02.2002;2,4630
28.02.2002;2,4710
01.03.2002;2,4570
04.03.2002;2,5190
05.03.2002;2,5390
06.03.2002;2,5170
07.03.2002;2,5230
08.03.2002;2,5010
11.03.2002;2,5320
12.03.2002;2,5380
13.03.2002;2,5390
14.03.2002;2,5110
15.03.2002;2,5110
18.03.2002;2,5430
19.03.2002;2,5420
20.03.2002;2,5650
21.03.2002;2,5200
22.03.2002;2,5320
25.03.2002;2,5320
26.03.2002;2,5060
27.03.2002;2,5200
28.03.2002;2,5260
02.04.2002;2,5100
03.04.2002;2,4900
04.04.2002;2,4690
05.04.2002;2,4910
08.04.2002;2,4960
09.04.2002;2,5060
10.04.2002;2,4930
11.04.2002;2,5370
12.04.2002;2,4750
15.04.2002;2,5000
16.04.2002;2,4850
17.04.2002;2,5210
18.04.2002;2,4970
19.04.2002;2,4750
22.04.2002;2,5000
23.04.2002;2,4890
24.04.2002;2,4940
25.04.2002;2,4680
26.04.2002;2,4710
29.04.2002;2,4440
30.04.2002;2,4240
02.05.2002;2,4750
03.05.2002;2,4810
06.05.2002;2,4330
07.05.2002;2,4080
08.05.2002;2,4140
10.05.2002;2,4560
13.05.2002;2,4270
14.05.2002;2,4720
15.05.2002;2,5250
16.05.2002;2,5050
17.05.2002;2,5080
20.05.2002;2,4920
21.05.2002;2,4680
22.05.2002;2,4470
23.05.2002;2,4390
24.05.2002;2,4620
27.05.2002;2,4380
28.05.2002;2,4420
29.05.2002;2,3940
30.05.2002;2,3730
31.05.2002;2,3640
03.06.2002;2,3860
04.06.2002;2,3240
05.06.2002;2,3100
06.06.2002;2,3470
07.06.2002;2,3040
10.06.2002;2,3000
11.06.2002;2,3020
12.06.2002;2,2930
13.06.2002;2,2970
14.06.2002;2,2730
17.06.2002;2,2510
18.06.2002;2,2990
19.06.2002;2,2920
20.06.2002;2,2560
24.06.2002;2,1810
25.06.2002;2,1760
26.06.2002;2,1240
27.06.2002;2,1270
28.06.2002;2,1550
01.07.2002;2,1590
02.07.2002;2,1600
03.07.2002;2,1320
04.07.2002;2,1310
05.07.2002;2,1410
08.07.2002;2,1810
09.07.2002;2,1540
10.07.2002;2,1170
11.07.2002;2,0660
12.07.2002;2,0570
15.07.2002;2,0160
16.07.2002;1,9670
17.07.2002;1,9280
18.07.2002;1,9500
19.07.2002;1,9090
22.07.2002;1,8410
23.07.2002;1,8140
24.07.2002;1,8080
25.07.2002;1,8530
26.07.2002;1,8550
29.07.2002;1,8760
30.07.2002;1,9830
31.07.2002;1,9710
01.08.2002;1,9960
02.08.2002;1,9420
05.08.2002;1,9190
06.08.2002;1,8640
07.08.2002;1,9160
08.08.2002;1,9250
09.08.2002;1,9810
12.08.2002;1,9800
13.08.2002;1,9530
14.08.2002;1,9270
15.08.2002;1,9830
16.08.2002;2,0190
19.08.2002;2,0120
20.08.2002;2,0740
21.08.2002;2,0370
22.08.2002;2,0700
23.08.2002;2,1080
26.08.2002;2,0690
27.08.2002;2,0520
28.08.2002;2,0160
29.08.2002;1,9720
30.08.2002;1,9680
02.09.2002;1,9780
03.09.2002;1,9630
04.09.2002;1,8740
05.09.2002;1,9010
06.09.2002;1,8920
09.09.2002;1,9320
10.09.2002;1,9470
11.09.2002;1,9760
12.09.2002;1,9920
13.09.2002;1,9210
16.09.2002;1,9430
17.09.2002;1,9640
18.09.2002;1,9190
19.09.2002;1,8990
20.09.2002;1,8470
23.09.2002;1,8520
24.09.2002;1,8310
25.09.2002;1,8030
26.09.2002;1,8650
27.09.2002;1,9090
30.09.2002;1,8660
01.10.2002;1,8160
02.10.2002;1,8680
03.10.2002;1,8530
04.10.2002;1,8430
07.10.2002;1,8230
08.10.2002;1,7930
09.10.2002;1,8130
10.10.2002;1,7610
11.10.2002;1,8200
14.10.2002;1,8820
15.10.2002;1,9030
16.10.2002;1,9620
17.10.2002;1,9340
18.10.2002;1,9810
21.10.2002;1,9800
22.10.2002;2,0100
23.10.2002;1,9890
24.10.2002;2,0100
25.10.2002;1,9820
28.10.2002;2,0100
29.10.2002;1,9730
30.10.2002;1,9610
31.10.2002;1,9840
01.11.2002;1,9800
04.11.2002;1,9930
05.11.2002;2,0210
06.11.2002;2,0330
07.11.2002;2,0190
08.11.2002;1,9690
11.11.2002;1,9320
12.11.2002;1,9050
13.11.2002;1,9190
14.11.2002;1,9400
15.11.2002;1,9920
18.11.2002;2,0020
19.11.2002;1,9940
20.11.2002;1,9910
21.11.2002;2,0280
22.11.2002;2,0670
25.11.2002;2,0810
26.11.2002;2,0840
27.11.2002;2,0510
28.11.2002;2,1000
29.11.2002;2,0940
02.12.2002;2,0850
03.12.2002;2,0750
04.12.2002;2,0240
05.12.2002;2,0190
09.12.2002;1,9810
10.12.2002;1,9400
11.12.2002;1,9590
12.12.2002;1,9580
13.12.2002;1,9470
16.12.2002;1,9110
17.12.2002;1,9340
18.12.2002;1,9140
19.12.2002;1,8890
20.12.2002;1,8740
23.12.2002;1,8960
27.12.2002;1,8790
30.12.2002;1,8380
31.12.2002;1,8350
02.01.2003;1,8390
03.01.2003;1,9170
07.01.2003;1,9440
08.01.2003;1,9320
09.01.2003;1,8980
10.01.2003;1,9340
13.01.2003;1,9350
14.01.2003;1,9390
15.01.2003;1,9440
16.01.2003;1,9020
17.01.2003;1,8930
20.01.2003;1,8520
21.01.2003;1,8490
22.01.2003;1,8090
23.01.2003;1,7950
24.01.2003;1,7890
27.01.2003;1,7500
28.01.2003;1,7170
29.01.2003;1,7210
30.01.2003;1,7260
31.01.2003;1,7000
03.02.2003;1,7350
04.02.2003;1,7300
05.02.2003;1,6860
06.02.2003;1,7060
07.02.2003;1,6880
10.02.2003;1,6660
11.02.2003;1,6860
12.02.2003;1,6870
13.02.2003;1,6690
14.02.2003;1,6560
17.02.2003;1,7130
18.02.2003;1,7160
19.02.2003;1,7460
20.02.2003;1,7180
21.02.2003;1,6980
24.02.2003;1,7220
25.02.2003;1,6870
26.02.2003;1,6920
27.02.2003;1,6740
28.02.2003;1,6910
03.03.2003;1,7060
04.03.2003;1,6710
05.03.2003;1,6300
06.03.2003;1,6360
07.03.2003;1,6070
10.03.2003;1,6100
11.03.2003;1,5740
12.03.2003;1,5720
13.03.2003;1,5980
14.03.2003;1,6760
17.03.2003;1,6970
18.03.2003;1,7850
19.03.2003;1,7820
20.03.2003;1,8070
21.03.2003;1,8130
24.03.2003;1,8580
25.03.2003;1,7710
26.03.2003;1,7990
27.03.2003;1,7870
28.03.2003;1,7850
31.03.2003;1,7650
01.04.2003;1,7200
02.04.2003;1,7290
03.04.2003;1,7960
04.04.2003;1,7880
07.04.2003;1,8130
08.04.2003;1,8290
09.04.2003;1,8150
10.04.2003;1,7950
11.04.2003;1,7960
14.04.2003;1,8040
15.04.2003;1,8330
16.04.2003;1,8430
17.04.2003;1,7980
22.04.2003;1,8190
23.04.2003;1,8250
24.04.2003;1,8180
25.04.2003;1,7900
28.04.2003;1,7510
29.04.2003;1,8050
30.04.2003;1,7980
02.05.2003;1,7750
05.05.2003;1,7850
06.05.2003;1,7820
07.05.2003;1,7790
08.05.2003;1,7830
09.05.2003;1,7460
12.05.2003;1,7640
13.05.2003;1,7840
14.05.2003;1,7740
15.05.2003;1,7830
16.05.2003;1,8000
19.05.2003;1,7510
20.05.2003;1,7230
21.05.2003;1,7110
22.05.2003;1,7190
23.05.2003;1,7260
26.05.2003;1,7070
27.05.2003;1,7050
28.05.2003;1,7300
30.05.2003;1,7430
02.06.2003;1,7890
03.06.2003;1,7930
04.06.2003;1,7990
05.06.2003;1,8200
06.06.2003;1,8010
09.06.2003;1,8360
10.06.2003;1,8150
11.06.2003;1,8270
12.06.2003;1,8360
13.06.2003;1,8380
16.06.2003;1,8100
17.06.2003;1,8440
18.06.2003;1,8510
19.06.2003;1,8690
23.06.2003;1,8600
24.06.2003;1,8360
25.06.2003;1,8470
26.06.2003;1,8230
27.06.2003;1,8470
30.06.2003;1,8360
01.07.2003;1,8250
02.07.2003;1,8270
03.07.2003;1,8620
04.07.2003;1,8590
07.07.2003;1,8610
08.07.2003;1,9120
09.07.2003;1,9090
10.07.2003;1,8960
11.07.2003;1,8820
14.07.2003;1,9030
15.07.2003;1,9080
16.07.2003;1,9200
17.07.2003;1,9110
18.07.2003;1,8770
21.07.2003;1,8900
22.07.2003;1,8550
23.07.2003;1,8670
24.07.2003;1,8570
25.07.2003;1,8540
28.07.2003;1,8730
29.07.2003;1,8670
30.07.2003;1,8780
31.07.2003;1,8900
01.08.2003;1,9130
04.08.2003;1,8990
05.08.2003;1,8780
06.08.2003;1,8460
07.08.2003;1,8530
08.08.2003;1,8590
11.08.2003;1,8940
12.08.2003;1,8900
13.08.2003;1,9190
14.08.2003;1,9110
15.08.2003;1,9300
18.08.2003;1,9360
19.08.2003;1,9580
20.08.2003;1,9690
21.08.2003;1,9700
22.08.2003;1,9900
25.08.2003;1,9910
26.08.2003;1,9980
27.08.2003;1,9940
28.08.2003;1,9960
29.08.2003;1,9990
01.09.2003;1,9860
02.09.2003;2,0030
03.09.2003;2,0500
04.09.2003;2,0560
05.09.2003;2,0510
08.09.2003;2,0160
09.09.2003;2,0300
10.09.2003;2,0010
11.09.2003;1,9740
12.09.2003;1,9990
15.09.2003;1,9800
16.09.2003;1,9740
17.09.2003;2,0130
18.09.2003;1,9920
19.09.2003;2,0110
22.09.2003;1,9850
23.09.2003;1,9540
24.09.2003;1,9620
25.09.2003;1,9440
26.09.2003;1,9270
29.09.2003;1,9250
30.09.2003;1,9120
01.10.2003;1,8910
02.10.2003;1,9150
03.10.2003;1,9230
06.10.2003;1,9610
07.10.2003;1,9390
08.10.2003;1,9310
09.10.2003;1,9170
10.10.2003;1,9450
13.10.2003;1,9390
14.10.2003;1,9720
15.10.2003;1,9650
16.10.2003;1,9730
17.10.2003;1,9810
20.10.2003;1,9690
21.10.2003;1,9680
22.10.2003;1,9690
23.10.2003;1,9320
24.10.2003;1,9220
27.10.2003;1,9170
28.10.2003;1,9290
29.10.2003;1,9530
30.10.2003;1,9570
31.10.2003;1,9620
03.11.2003;1,9720
04.11.2003;2,0170
05.11.2003;2,0170
06.11.2003;2,0200
07.11.2003;2,0320
10.11.2003;2,0220
11.11.2003;2,0170
12.11.2003;1,9990
13.11.2003;2,0080
14.11.2003;1,9840
17.11.2003;1,9700
18.11.2003;1,9530
19.11.2003;1,9200
20.11.2003;1,9260
21.11.2003;1,9220
24.11.2003;1,9270
25.11.2003;1,9700
26.11.2003;1,9700
27.11.2003;1,9540
28.11.2003;1,9570
01.12.2003;1,9530
02.12.2003;1,9670
03.12.2003;1,9430
04.12.2003;1,9450
05.12.2003;1,9470
08.12.2003;1,9220
09.12.2003;1,9190
10.12.2003;1,9150
11.12.2003;1,9130
12.12.2003;1,9210
15.12.2003;1,9320
16.12.2003;1,9210
17.12.2003;1,9240
18.12.2003;1,9140
19.12.2003;1,9240
22.12.2003;1,9280
23.12.2003;1,9330
29.12.2003;1,9230
30.12.2003;1,9310
31.12.2003;1,9280
02.01.2004;1,9330
05.01.2004;1,9150
07.01.2004;1,9240
08.01.2004;1,9350
09.01.2004;1,9410
12.01.2004;1,9180
13.01.2004;1,9230
14.01.2004;1,9210
15.01.2004;1,9460
16.01.2004;1,9560
19.01.2004;1,9880
20.01.2004;1,9930
21.01.2004;1,9700
22.01.2004;1,9760
23.01.2004;1,9790
26.01.2004;1,9990
27.01.2004;2,0230
28.01.2004;1,9980
29.01.2004;1,9910
30.01.2004;2,0060
02.02.2004;1,9920
03.02.2004;1,9890
04.02.2004;1,9750
05.02.2004;1,9820
06.02.2004;1,9880
09.02.2004;1,9830
10.02.2004;1,9880
11.02.2004;1,9990
12.02.2004;2,0100
13.02.2004;2,0090
16.02.2004;2,0090
17.02.2004;2,0070
18.02.2004;2,0030
19.02.2004;2,0230
20.02.2004;2,0340
23.02.2004;2,0520
24.02.2004;2,0460
25.02.2004;2,0160
26.02.2004;2,0510
27.02.2004;2,0640
01.03.2004;2,0560
02.03.2004;2,0880
03.03.2004;2,1090
04.03.2004;2,1050
05.03.2004;2,1070
08.03.2004;2,0960
09.03.2004;2,0750
10.03.2004;2,0880
11.03.2004;2,0860
12.03.2004;2,0340
15.03.2004;2,0590
16.03.2004;2,0180
17.03.2004;2,0280
18.03.2004;2,0530
19.03.2004;2,0240
22.03.2004;2,0280
23.03.2004;1,9940
24.03.2004;1,9880
25.03.2004;2,0080
26.03.2004;2,0480
29.03.2004;2,0510
30.03.2004;2,0630
31.03.2004;2,0640
01.04.2004;2,0540
02.04.2004;2,0480
05.04.2004;2,1050
06.04.2004;2,1340
07.04.2004;2,1080
08.04.2004;2,0810
13.04.2004;2,1000
14.04.2004;2,1050
15.04.2004;2,0990
16.04.2004;2,0930
19.04.2004;2,1000
20.04.2004;2,1130
21.04.2004;2,1170
22.04.2004;2,1290
23.04.2004;2,1350
26.04.2004;2,1660
27.04.2004;2,1490
28.04.2004;2,1360
29.04.2004;2,1150
30.04.2004;2,0980
03.05.2004;2,0790
04.05.2004;2,1020
05.05.2004;2,0780
06.05.2004;2,0790
07.05.2004;2,0760
10.05.2004;2,0760
11.05.2004;2,0470
12.05.2004;2,0630
13.05.2004;2,0540
14.05.2004;2,0620
17.05.2004;2,0430
18.05.2004;2,0190
19.05.2004;2,0340
21.05.2004;2,0320
24.05.2004;2,0360
25.05.2004;2,0350
26.05.2004;2,0430
27.05.2004;2,0410
28.05.2004;2,0470
31.05.2004;2,0560
01.06.2004;2,0600
02.06.2004;2,0490
03.06.2004;2,0710
04.06.2004;2,0570
07.06.2004;2,0510
08.06.2004;2,0730
09.06.2004;2,0930
10.06.2004;2,1130
11.06.2004;2,1280
14.06.2004;2,1300
15.06.2004;2,1060
16.06.2004;2,1060
17.06.2004;2,1270
18.06.2004;2,1310
21.06.2004;2,1170
22.06.2004;2,1220
23.06.2004;2,1140
24.06.2004;2,1360
28.06.2004;2,1290
29.06.2004;2,1260
30.06.2004;2,1370
01.07.2004;2,1260
02.07.2004;2,1220
05.07.2004;2,0920
06.07.2004;2,0930
07.07.2004;2,0730
08.07.2004;2,0750
09.07.2004;2,0610
12.07.2004;2,0660
13.07.2004;2,0650
14.07.2004;2,0600
15.07.2004;2,0620
16.07.2004;2,0490
19.07.2004;2,0320
20.07.2004;2,0240
21.07.2004;2,0450
22.07.2004;2,0430
23.07.2004;2,0350
26.07.2004;2,0190
27.07.2004;2,0130
28.07.2004;2,0390
29.07.2004;2,0370
30.07.2004;2,0380
02.08.2004;2,0400
03.08.2004;2,0500
04.08.2004;2,0380
05.08.2004;2,0280
06.08.2004;2,0050
09.08.2004;1,9570
10.08.2004;1,9580
11.08.2004;1,9860
12.08.2004;1,9780
13.08.2004;1,9530
16.08.2004;1,9360
17.08.2004;1,9570
18.08.2004;1,9650
19.08.2004;1,9740
20.08.2004;1,9660
23.08.2004;1,9800
24.08.2004;2,0020
25.08.2004;2,0160
26.08.2004;2,0310
27.08.2004;2,0300
30.08.2004;2,0470
31.08.2004;2,0250
01.09.2004;2,0120
02.09.2004;2,0180
03.09.2004;2,0350
06.09.2004;2,0490
07.09.2004;2,0510
08.09.2004;2,0610
09.09.2004;2,0380
10.09.2004;2,0260
13.09.2004;2,0300
14.09.2004;2,0370
15.09.2004;2,0390
16.09.2004;2,0360
17.09.2004;2,0260
20.09.2004;2,0370
21.09.2004;2,0140
22.09.2004;2,0010
23.09.2004;1,9830
24.09.2004;1,9730
27.09.2004;1,9780
28.09.2004;1,9660
29.09.2004;1,9630
30.09.2004;1,9700
01.10.2004;1,9600
04.10.2004;1,9910
05.10.2004;2,0130
06.10.2004;2,0030
07.10.2004;2,0090
08.10.2004;2,0020
11.10.2004;1,9780
12.10.2004;1,9800
13.10.2004;1,9720
14.10.2004;1,9700
15.10.2004;1,9610
18.10.2004;1,9590
19.10.2004;1,9670
20.10.2004;1,9660
21.10.2004;1,9550
22.10.2004;1,9600
25.10.2004;1,9260
26.10.2004;1,9070
27.10.2004;1,9310
28.10.2004;1,9540
29.10.2004;1,9630
01.11.2004;1,9580
02.11.2004;1,9750
03.11.2004;1,9880
04.11.2004;1,9880
05.11.2004;2,0030
08.11.2004;2,0090
09.11.2004;2,0070
10.11.2004;2,0070
11.11.2004;2,0140
12.11.2004;2,0240
15.11.2004;2,0290
16.11.2004;2,0300
17.11.2004;2,0120
18.11.2004;2,0150
19.11.2004;2,0180
22.11.2004;1,9910
23.11.2004;2,0000
24.11.2004;1,9860
25.11.2004;1,9810
26.11.2004;1,9740
29.11.2004;1,9770
30.11.2004;1,9760
01.12.2004;1,9540
02.12.2004;1,9770
03.12.2004;1,9960
07.12.2004;1,9670
08.12.2004;1,9690
09.12.2004;1,9810
10.12.2004;1,9950
13.12.2004;1,9940
14.12.2004;1,9980
15.12.2004;2,0080
16.12.2004;1,9980
17.12.2004;2,0120
20.12.2004;1,9990
21.12.2004;1,9950
22.12.2004;2,0080
23.12.2004;2,0080
27.12.2004;1,9980
28.12.2004;1,9870
29.12.2004;1,9930
30.12.2004;1,9910
31.12.2004;1,9920
03.01.2005;2,0080
04.01.2005;2,0070
05.01.2005;2,0170
07.01.2005;2,0210
10.01.2005;2,0340
11.01.2005;2,0350
12.01.2005;2,0240
13.01.2005;2,0150
14.01.2005;2,0160
17.01.2005;2,0280
18.01.2005;2,0370
19.01.2005;2,0450
20.01.2005;2,0370
21.01.2005;2,0310
24.01.2005;2,0050
25.01.2005;2,0110
26.01.2005;2,0300
27.01.2005;2,0170
28.01.2005;2,0340
31.01.2005;2,0570
01.02.2005;2,0620
02.02.2005;2,0690
03.02.2005;2,0780
04.02.2005;2,0800
07.02.2005;2,1090
08.02.2005;2,1220
09.02.2005;2,1150
10.02.2005;2,0940
11.02.2005;2,0930
14.02.2005;2,1050
15.02.2005;2,1030
16.02.2005;2,1070
17.02.2005;2,0940
18.02.2005;2,0820
21.02.2005;2,0850
22.02.2005;2,0730
23.02.2005;2,0460
24.02.2005;2,0490
25.02.2005;2,0590
28.02.2005;2,0650
01.03.2005;2,0650
02.03.2005;2,0880
03.03.2005;2,0920
04.03.2005;2,0920
07.03.2005;2,0880
08.03.2005;2,0930
09.03.2005;2,0680
10.03.2005;2,0430
11.03.2005;2,0510
14.03.2005;2,0380
15.03.2005;2,0550
16.03.2005;2,0600
17.03.2005;2,0360
18.03.2005;2,0380
21.03.2005;2,0510
22.03.2005;2,0530
23.03.2005;2,0490
24.03.2005;2,0590
29.03.2005;2,0800
30.03.2005;2,0610
31.03.2005;2,0910
01.04.2005;2,0850
04.04.2005;2,0770
05.04.2005;2,0880
06.04.2005;2,0950
07.04.2005;2,0920
08.04.2005;2,1160
11.04.2005;2,0980
12.04.2005;2,0870
13.04.2005;2,0980
14.04.2005;2,0800
15.04.2005;2,0760
18.04.2005;2,0310
19.04.2005;2,0020
20.04.2005;2,0100
21.04.2005;1,9840
22.04.2005;2,0170
25.04.2005;2,0110
26.04.2005;2,0230
27.04.2005;2,0200
28.04.2005;2,0200
29.04.2005;2,0040
02.05.2005;2,0280
03.05.2005;2,0410
04.05.2005;2,0330
06.05.2005;2,0530
09.05.2005;2,0760
10.05.2005;2,0800
11.05.2005;2,0630
12.05.2005;2,0750
13.05.2005;2,0880
16.05.2005;2,0910
17.05.2005;2,0990
18.05.2005;2,1130
19.05.2005;2,1330
20.05.2005;2,1480
23.05.2005;2,1560
24.05.2005;2,1630
25.05.2005;2,1570
26.05.2005;2,1500
27.05.2005;2,1690
30.05.2005;2,1700
31.05.2005;2,1860
01.06.2005;2,1750
02.06.2005;2,2140
03.06.2005;2,2040
06.06.2005;2,1950
07.06.2005;2,1860
08.06.2005;2,1880
09.06.2005;2,1940
10.06.2005;2,1940
13.06.2005;2,2110
14.06.2005;2,2080
15.06.2005;2,2190
16.06.2005;2,2060
17.06.2005;2,2050
20.06.2005;2,1920
21.06.2005;2,1930
22.06.2005;2,1960
23.06.2005;2,2110
27.06.2005;2,1690
28.06.2005;2,1510
29.06.2005;2,1820
30.06.2005;2,1720
01.07.2005;2,1640
04.07.2005;2,1870
05.07.2005;2,1910
06.07.2005;2,1900
07.07.2005;2,1830
08.07.2005;2,1730
11.07.2005;2,2030
12.07.2005;2,2000
13.07.2005;2,2000
14.07.2005;2,2280
15.07.2005;2,2380
18.07.2005;2,2570
19.07.2005;2,2580
20.07.2005;2,2730
21.07.2005;2,2650
22.07.2005;2,2450
25.07.2005;2,2550
26.07.2005;2,2420
27.07.2005;2,2520
28.07.2005;2,2490
29.07.2005;2,2520
01.08.2005;2,2320
02.08.2005;2,2290
03.08.2005;2,2510
04.08.2005;2,2280
05.08.2005;2,2090
08.08.2005;2,2070
09.08.2005;2,1980
10.08.2005;2,2170
11.08.2005;2,2170
12.08.2005;2,2200
15.08.2005;2,2080
16.08.2005;2,2210
17.08.2005;2,2060
18.08.2005;2,2150
19.08.2005;2,2300
22.08.2005;2,2390
23.08.2005;2,2370
24.08.2005;2,2320
25.08.2005;2,2040
26.08.2005;2,2010
29.08.2005;2,1910
30.08.2005;2,2130
31.08.2005;2,2020
01.09.2005;2,2110
02.09.2005;2,1860
05.09.2005;2,1720
06.09.2005;2,1860
07.09.2005;2,2230
08.09.2005;2,2400
09.09.2005;2,2300
12.09.2005;2,2580
13.09.2005;2,2630
14.09.2005;2,2490
15.09.2005;2,2440
16.09.2005;2,2460
19.09.2005;2,2880
20.09.2005;2,2780
21.09.2005;2,2620
22.09.2005;2,2270
23.09.2005;2,2420
26.09.2005;2,2610
27.09.2005;2,2770
28.09.2005;2,2760
29.09.2005;2,2860
30.09.2005;2,2980
03.10.2005;2,3200
04.10.2005;2,3350
05.10.2005;2,3360
06.10.2005;2,2940
07.10.2005;2,2570
10.10.2005;2,2570
11.10.2005;2,2620
12.10.2005;2,2730
13.10.2005;2,2570
14.10.2005;2,2520
17.10.2005;2,2550
18.10.2005;2,2700
19.10.2005;2,2650
20.10.2005;2,2650
21.10.2005;2,2410
24.10.2005;2,2480
25.10.2005;2,2670
26.10.2005;2,2430
27.10.2005;2,2400
28.10.2005;2,2100
31.10.2005;2,2380
01.11.2005;2,2660
02.11.2005;2,2520
03.11.2005;2,2630
04.11.2005;2,2910
07.11.2005;2,3070
08.11.2005;2,3310
09.11.2005;2,3210
10.11.2005;2,3280
11.11.2005;2,3510
14.11.2005;2,3560
15.11.2005;2,3670
16.11.2005;2,3560
17.11.2005;2,3510
18.11.2005;2,3580
21.11.2005;2,3550
22.11.2005;2,3670
23.11.2005;2,3540
24.11.2005;2,3740
25.11.2005;2,3780
28.11.2005;2,3910
29.11.2005;2,3730
30.11.2005;2,3790
01.12.2005;2,3650
02.12.2005;2,3940
05.12.2005;2,4000
07.12.2005;2,3930
08.12.2005;2,3940
09.12.2005;2,3730
12.12.2005;2,3730
13.12.2005;2,3590
14.12.2005;2,3610
15.12.2005;2,3690
16.12.2005;2,3620
19.12.2005;2,3500
20.12.2005;2,3450
21.12.2005;2,3550
22.12.2005;2,3640
23.12.2005;2,3670
27.12.2005;2,3730
28.12.2005;2,3600
29.12.2005;2,3670
30.12.2005;2,3670
02.01.2006;2,3550
03.01.2006;2,3540
04.01.2006;2,3510
05.01.2006;2,3470
09.01.2006;2,3590
10.01.2006;2,3820
11.01.2006;2,3850
12.01.2006;2,3840
13.01.2006;2,3860
16.01.2006;2,3690
17.01.2006;2,3710
18.01.2006;2,3560
19.01.2006;2,3400
20.01.2006;2,3640
23.01.2006;2,3150
24.01.2006;2,3030
25.01.2006;2,3120
26.01.2006;2,3230
27.01.2006;2,3450
30.01.2006;2,3800
31.01.2006;2,3700
01.02.2006;2,3500
02.02.2006;2,3790
03.02.2006;2,3630
06.02.2006;2,3670
07.02.2006;2,3700
08.02.2006;2,3710
09.02.2006;2,3750
10.02.2006;2,3880
13.02.2006;2,4020
14.02.2006;2,3940
15.02.2006;2,4050
16.02.2006;2,4190
17.02.2006;2,4370
20.02.2006;2,4210
21.02.2006;2,4320
22.02.2006;2,4280
23.02.2006;2,4540
24.02.2006;2,4510
27.02.2006;2,4680
28.02.2006;2,4770
01.03.2006;2,4410
02.03.2006;2,4460
03.03.2006;2,4160
06.03.2006;2,4130
07.03.2006;2,4260
08.03.2006;2,4330
09.03.2006;2,4410
10.03.2006;2,4540
13.03.2006;2,4650
14.03.2006;2,4610
15.03.2006;2,4510
16.03.2006;2,4570
17.03.2006;2,4380
20.03.2006;2,4400
21.03.2006;2,4430
22.03.2006;2,4410
23.03.2006;2,4510
24.03.2006;2,4480
27.03.2006;2,4450
28.03.2006;2,4380
29.03.2006;2,4220
30.03.2006;2,4280
31.03.2006;2,4280
03.04.2006;2,4330
04.04.2006;2,4270
05.04.2006;2,4030
06.04.2006;2,4010
07.04.2006;2,4050
10.04.2006;2,4040
11.04.2006;2,4060
12.04.2006;2,3920
13.04.2006;2,3880
18.04.2006;2,3650
19.04.2006;2,3690
20.04.2006;2,3770
21.04.2006;2,4040
24.04.2006;2,3980
25.04.2006;2,3850
26.04.2006;2,3750
27.04.2006;2,3870
28.04.2006;2,3890
02.05.2006;2,3570
03.05.2006;2,3590
04.05.2006;2,3460
05.05.2006;2,3380
08.05.2006;2,3560
09.05.2006;2,3650
10.05.2006;2,3630
11.05.2006;2,3640
12.05.2006;2,3250
15.05.2006;2,2970
16.05.2006;2,3080
17.05.2006;2,3060
18.05.2006;2,2880
19.05.2006;2,2750
22.05.2006;2,2800
23.05.2006;2,2510
24.05.2006;2,2830
26.05.2006;2,2980
29.05.2006;2,3250
30.05.2006;2,3160
31.05.2006;2,2690
01.06.2006;2,2930
02.06.2006;2,2990
05.06.2006;2,2840
06.06.2006;2,2660
07.06.2006;2,2550
08.06.2006;2,2660
09.06.2006;2,2600
12.06.2006;2,2680
13.06.2006;2,2550
14.06.2006;2,2310
15.06.2006;2,2460
16.06.2006;2,2800
19.06.2006;2,2810
20.06.2006;2,2800
21.06.2006;2,2770
22.06.2006;2,2850
26.06.2006;2,2970
27.06.2006;2,2930
28.06.2006;2,2790
29.06.2006;2,2790
30.06.2006;2,3060
03.07.2006;2,3110
04.07.2006;2,3240
05.07.2006;2,3190
06.07.2006;2,3140
07.07.2006;2,3210
10.07.2006;2,3060
11.07.2006;2,3280
12.07.2006;2,3200
13.07.2006;2,3120
14.07.2006;2,2770
17.07.2006;2,2700
18.07.2006;2,2960
19.07.2006;2,3010
20.07.2006;2,3280
21.07.2006;2,3200
24.07.2006;2,3110
25.07.2006;2,3490
26.07.2006;2,3640
27.07.2006;2,3340
28.07.2006;2,3460
31.07.2006;2,3700
01.08.2006;2,3640
02.08.2006;2,3340
03.08.2006;2,3710
04.08.2006;2,3540
07.08.2006;2,3460
08.08.2006;2,3340
09.08.2006;2,3300
10.08.2006;2,3200
11.08.2006;2,3430
14.08.2006;2,3440
15.08.2006;2,3620
16.08.2006;2,3770
17.08.2006;2,3820
18.08.2006;2,3860
21.08.2006;2,3870
22.08.2006;2,3750
23.08.2006;2,3890
24.08.2006;2,3870
25.08.2006;2,3880
28.08.2006;2,3840
29.08.2006;2,3990
30.08.2006;2,4110
31.08.2006;2,4230
01.09.2006;2,4230
04.09.2006;2,4300
05.09.2006;2,4360
06.09.2006;2,4230
07.09.2006;2,4020
08.09.2006;2,4060
11.09.2006;2,4230
12.09.2006;2,4230
13.09.2006;2,4480
14.09.2006;2,4510
15.09.2006;2,4360
18.09.2006;2,4530
19.09.2006;2,4360
20.09.2006;2,4420
21.09.2006;2,4570
22.09.2006;2,4500
25.09.2006;2,4360
26.09.2006;2,4650
27.09.2006;2,5030
28.09.2006;2,5060
29.09.2006;2,5110
02.10.2006;2,5050
03.10.2006;2,4820
04.10.2006;2,4940
05.10.2006;2,5160
06.10.2006;2,5230
09.10.2006;2,5310
10.10.2006;2,5330
11.10.2006;2,5450
12.10.2006;2,5500
13.10.2006;2,5590
16.10.2006;2,5660
17.10.2006;2,5640
18.10.2006;2,5520
19.10.2006;2,5760
20.10.2006;2,5550
23.10.2006;2,5700
24.10.2006;2,6050
25.10.2006;2,6040
26.10.2006;2,6010
27.10.2006;2,6050
30.10.2006;2,5830
31.10.2006;2,5940
01.11.2006;2,5910
02.11.2006;2,5870
03.11.2006;2,5890
06.11.2006;2,5940
07.11.2006;2,6120
08.11.2006;2,6190
09.11.2006;2,6340
10.11.2006;2,6250
13.11.2006;2,6110
14.11.2006;2,6280
15.11.2006;2,6340
16.11.2006;2,6360
17.11.2006;2,6520
20.11.2006;2,6410
21.11.2006;2,6470
22.11.2006;2,6460
23.11.2006;2,6430
24.11.2006;2,6380
27.11.2006;2,6010
28.11.2006;2,5640
29.11.2006;2,5590
30.11.2006;2,5900
01.12.2006;2,5700
04.12.2006;2,5480
05.12.2006;2,5680
07.12.2006;2,5920
08.12.2006;2,6000
11.12.2006;2,6230
12.12.2006;2,6130
13.12.2006;2,6130
14.12.2006;2,6320
15.12.2006;2,6650
18.12.2006;2,6700
19.12.2006;2,6690
20.12.2006;2,6480
21.12.2006;2,6610
22.12.2006;2,6560
27.12.2006;2,6580
28.12.2006;2,6840
29.12.2006;2,6710
02.01.2007;2,6550
03.01.2007;2,6590
04.01.2007;2,6730
05.01.2007;2,6760
08.01.2007;2,6660
09.01.2007;2,6600
10.01.2007;2,6790
11.01.2007;2,6890
12.01.2007;2,7240
15.01.2007;2,7300
16.01.2007;2,7390
17.01.2007;2,7350
18.01.2007;2,7350
19.01.2007;2,7220
22.01.2007;2,7330
23.01.2007;2,7210
24.01.2007;2,7200
25.01.2007;2,7420
26.01.2007;2,7300
29.01.2007;2,7360
30.01.2007;2,7430
31.01.2007;2,7570
01.02.2007;2,7490
02.02.2007;2,7590
05.02.2007;2,7640
06.02.2007;2,7620
07.02.2007;2,7570
08.02.2007;2,7570
09.02.2007;2,7380
12.02.2007;2,7370
13.02.2007;2,7300
14.02.2007;2,7400
15.02.2007;2,7440
16.02.2007;2,7600
19.02.2007;2,7550
20.02.2007;2,7560
21.02.2007;2,7590
22.02.2007;2,7620
23.02.2007;2,7750
26.02.2007;2,7630
27.02.2007;2,7720
28.02.2007;2,6780
01.03.2007;2,6850
02.03.2007;2,6760
05.03.2007;2,6540
06.03.2007;2,6510
07.03.2007;2,6690
08.03.2007;2,6680
09.03.2007;2,6920
12.03.2007;2,7100
13.03.2007;2,7070
14.03.2007;2,6610
15.03.2007;2,6540
16.03.2007;2,6710
19.03.2007;2,6820
20.03.2007;2,7040
21.03.2007;2,7150
22.03.2007;2,7320
23.03.2007;2,7510
26.03.2007;2,7610
27.03.2007;2,7370
28.03.2007;2,7180
29.03.2007;2,7040
30.03.2007;2,7180
02.04.2007;2,7200
03.04.2007;2,7200
04.04.2007;2,7440
05.04.2007;2,7510
10.04.2007;2,7590
11.04.2007;2,7660
12.04.2007;2,7470
13.04.2007;2,7470
16.04.2007;2,7570
17.04.2007;2,7750
18.04.2007;2,7770
19.04.2007;2,7710
20.04.2007;2,7720
23.04.2007;2,8020
24.04.2007;2,8050
25.04.2007;2,7880
26.04.2007;2,8040
27.04.2007;2,8140
30.04.2007;2,8000
02.05.2007;2,8150
03.05.2007;2,8240
04.05.2007;2,8370
07.05.2007;2,8450
08.05.2007;2,8460
09.05.2007;2,8540
10.05.2007;2,8610
11.05.2007;2,8440
14.05.2007;2,8490
15.05.2007;2,8460
16.05.2007;2,8370
18.05.2007;2,8690
21.05.2007;2,8860
22.05.2007;2,8970
23.05.2007;2,9010
24.05.2007;2,9000
25.05.2007;2,8840
28.05.2007;2,8860
29.05.2007;2,8900
30.05.2007;2,8930
31.05.2007;2,9120
01.06.2007;2,9110
04.06.2007;2,9220
05.06.2007;2,9080
06.06.2007;2,8830
07.06.2007;2,8590
08.06.2007;2,8250
11.06.2007;2,8490
12.06.2007;2,8480
13.06.2007;2,8360
14.06.2007;2,8610
15.06.2007;2,8770
18.06.2007;2,8900
19.06.2007;2,8730
20.06.2007;2,8680
21.06.2007;2,8510
25.06.2007;2,8320
26.06.2007;2,8370
27.06.2007;2,8370
28.06.2007;2,8490
29.06.2007;2,8540
02.07.2007;2,8520
03.07.2007;2,8560
04.07.2007;2,8690
05.07.2007;2,8720
06.07.2007;2,8730
09.07.2007;2,8760
10.07.2007;2,8750
11.07.2007;2,8260
12.07.2007;2,8360
13.07.2007;2,8820
16.07.2007;2,8780
17.07.2007;2,8730
18.07.2007;2,8620
19.07.2007;2,8590
20.07.2007;2,8810
23.07.2007;2,8440
24.07.2007;2,8690
25.07.2007;2,8440
26.07.2007;2,8680
27.07.2007;2,8020
30.07.2007;2,8060
31.07.2007;2,8060
01.08.2007;2,7890
02.08.2007;2,7780
03.08.2007;2,8030
06.08.2007;2,7540
07.08.2007;2,7860
08.08.2007;2,8110
09.08.2007;2,8380
10.08.2007;2,8050
13.08.2007;2,7850
14.08.2007;2,8040
15.08.2007;2,7730
16.08.2007;2,7750
17.08.2007;2,7560
20.08.2007;2,7820
21.08.2007;2,7950
22.08.2007;2,7990
23.08.2007;2,8220
24.08.2007;2,8140
27.08.2007;2,8150
28.08.2007;2,8220
29.08.2007;2,7720
30.08.2007;2,8000
31.08.2007;2,8090
03.09.2007;2,8370
04.09.2007;2,8370
05.09.2007;2,8700
06.09.2007;2,8370
07.09.2007;2,8500
10.09.2007;2,7920
11.09.2007;2,7920
12.09.2007;2,8170
13.09.2007;2,8220
14.09.2007;2,8560
17.09.2007;2,8640
18.09.2007;2,8470
19.09.2007;2,8840
20.09.2007;2,9070
21.09.2007;2,8600
24.09.2007;2,8680
25.09.2007;2,8820
26.09.2007;2,8690
27.09.2007;2,8890
28.09.2007;2,8890
01.10.2007;2,8670
02.10.2007;2,9100
03.10.2007;2,9230
04.10.2007;2,9250
05.10.2007;2,9200
08.10.2007;2,9400
09.10.2007;2,9570
10.10.2007;2,9650
11.10.2007;2,9640
12.10.2007;2,9480
15.10.2007;2,9630
16.10.2007;2,9410
17.10.2007;2,9320
18.10.2007;2,9500
19.10.2007;2,9400
22.10.2007;2,9110
23.10.2007;2,9310
24.10.2007;2,9550
25.10.2007;2,9470
26.10.2007;2,9620
29.10.2007;2,9810
30.10.2007;3,0010
31.10.2007;2,9740
01.11.2007;2,9880
02.11.2007;2,9530
05.11.2007;2,9460
06.11.2007;2,9410
07.11.2007;2,9230
08.11.2007;2,8780
09.11.2007;2,8690
12.11.2007;2,8340
13.11.2007;2,8370
14.11.2007;2,8930
15.11.2007;2,8830
16.11.2007;2,8880
19.11.2007;2,8930
20.11.2007;2,8730
21.11.2007;2,8580
22.11.2007;2,8230
23.11.2007;2,8210
26.11.2007;2,8680
27.11.2007;2,8330
28.11.2007;2,8650
29.11.2007;2,9250
30.11.2007;2,9390
03.12.2007;2,9520
04.12.2007;2,9530
05.12.2007;2,9190
07.12.2007;2,9790
10.12.2007;2,9660
11.12.2007;2,9690
12.12.2007;2,9470
13.12.2007;2,9460
14.12.2007;2,9360
17.12.2007;2,9550
18.12.2007;2,9240
19.12.2007;2,9230
20.12.2007;2,9170
21.12.2007;2,9280
27.12.2007;2,9760
28.12.2007;2,9380
31.12.2007;2,9240
02.01.2008;2,9210
03.01.2008;2,8810
04.01.2008;2,8630
07.01.2008;2,8100
08.01.2008;2,8330
09.01.2008;2,8280
10.01.2008;2,8300
11.01.2008;2,8120
14.01.2008;2,7160
15.01.2008;2,7100
16.01.2008;2,6570
17.01.2008;2,6680
18.01.2008;2,6460
21.01.2008;2,6440
22.01.2008;2,6020
23.01.2008;2,5740
24.01.2008;2,5690
25.01.2008;2,6040
28.01.2008;2,5840
29.01.2008;2,5820
30.01.2008;2,5840
31.01.2008;2,5680
01.02.2008;2,6110
04.02.2008;2,6343
05.02.2008;2,6073
06.02.2008;2,5550
07.02.2008;2,5691
08.02.2008;2,5928
11.02.2008;2,5987
12.02.2008;2,6058
13.02.2008;2,6531
14.02.2008;2,6725
15.02.2008;2,6326
18.02.2008;2,6213
19.02.2008;2,6346
20.02.2008;2,6285
21.02.2008;2,6260
22.02.2008;2,6083
25.02.2008;2,6230
26.02.2008;2,6591
27.02.2008;2,6551
28.02.2008;2,6443
29.02.2008;2,5989
03.03.2008;2,5419
04.03.2008;2,5406
05.03.2008;2,5302
06.03.2008;2,5451
07.03.2008;2,4925
10.03.2008;2,4739
11.03.2008;2,4760
12.03.2008;2,5104
13.03.2008;2,4892
14.03.2008;2,4918
17.03.2008;2,4432
18.03.2008;2,4128
19.03.2008;2,4826
20.03.2008;2,4813
25.03.2008;2,5585
26.03.2008;2,5823
27.03.2008;2,5409
28.03.2008;2,5369
31.03.2008;2,5160
01.04.2008;2,5380
02.04.2008;2,6244
03.04.2008;2,5945
04.04.2008;2,5833
07.04.2008;2,5860
08.04.2008;2,5776
09.04.2008;2,5630
10.04.2008;2,5364
11.04.2008;2,5458
14.04.2008;2,5183
15.04.2008;2,4959
16.04.2008;2,5079
17.04.2008;2,5114
18.04.2008;2,5049
21.04.2008;2,5509
22.04.2008;2,5405
23.04.2008;2,5021
24.04.2008;2,5294
25.04.2008;2,5541
28.04.2008;2,5725
29.04.2008;2,6038
30.04.2008;2,6051
02.05.2008;2,6430
05.05.2008;2,6515
06.05.2008;2,6351
07.05.2008;2,6411
08.05.2008;2,6504
09.05.2008;2,6384
12.05.2008;2,6344
13.05.2008;2,6444
14.05.2008;2,6474
15.05.2008;2,6615
16.05.2008;2,6850
19.05.2008;2,6747
20.05.2008;2,6879
21.05.2008;2,6327
22.05.2008;2,5887
23.05.2008;2,6022
26.05.2008;2,5782
27.05.2008;2,5758
28.05.2008;2,5983
29.05.2008;2,6222
30.05.2008;2,6528
02.06.2008;2,6648
03.06.2008;2,6360
04.06.2008;2,6414
05.06.2008;2,6533
06.06.2008;2,6515
09.06.2008;2,5669
10.06.2008;2,5906
11.06.2008;2,6231
12.06.2008;2,5900
13.06.2008;2,6156
16.06.2008;2,6315
17.06.2008;2,5944
18.06.2008;2,5938
19.06.2008;2,5563
23.06.2008;2,5099
24.06.2008;2,5128
25.06.2008;2,4901
26.06.2008;2,5084
27.06.2008;2,4428
30.06.2008;2,4053
01.07.2008;2,4100
02.07.2008;2,4052
03.07.2008;2,3830
04.07.2008;2,4170
07.07.2008;2,4183
08.07.2008;2,4061
09.07.2008;2,4251
10.07.2008;2,4128
11.07.2008;2,3747
14.07.2008;2,3369
15.07.2008;2,3314
16.07.2008;2,3345
17.07.2008;2,3888
18.07.2008;2,4202
21.07.2008;2,3964
22.07.2008;2,3847
23.07.2008;2,4148
24.07.2008;2,4540
25.07.2008;2,4202
28.07.2008;2,4301
29.07.2008;2,4030
30.07.2008;2,4599
31.07.2008;2,4704
01.08.2008;2,4343
04.08.2008;2,4167
05.08.2008;2,4357
06.08.2008;2,5061
07.08.2008;2,5272
08.08.2008;2,5208
11.08.2008;2,6332
12.08.2008;2,6764
13.08.2008;2,6550
14.08.2008;2,6252
15.08.2008;2,6397
18.08.2008;2,6696
19.08.2008;2,6580
20.08.2008;2,6070
21.08.2008;2,5970
22.08.2008;2,5654
25.08.2008;2,6321
26.08.2008;2,6008
27.08.2008;2,5991
28.08.2008;2,5886
29.08.2008;2,6337
01.09.2008;2,6213
02.09.2008;2,6328
03.09.2008;2,6791
04.09.2008;2,6572
05.09.2008;2,6550
08.09.2008;2,6234
09.09.2008;2,7210
10.09.2008;2,7064
11.09.2008;2,7403
12.09.2008;2,7454
15.09.2008;2,7023
16.09.2008;2,6814
17.09.2008;2,6930
18.09.2008;2,6020
19.09.2008;2,6846
22.09.2008;2,6881
23.09.2008;2,5794
24.09.2008;2,5737
25.09.2008;2,5561
26.09.2008;2,6115
29.09.2008;2,6362
30.09.2008;2,5480
01.10.2008;2,6191
02.10.2008;2,6701
03.10.2008;2,6098
06.10.2008;2,6314
07.10.2008;2,5362
08.10.2008;2,4713
09.10.2008;2,3921
10.10.2008;2,2901
13.10.2008;2,2412
14.10.2008;2,4185
15.10.2008;2,3893
16.10.2008;2,2540
17.10.2008;2,2883
20.10.2008;2,3258
21.10.2008;2,4402
22.10.2008;2,4533
23.10.2008;2,3359
24.10.2008;2,3413
27.10.2008;2,2894
28.10.2008;2,2321
29.10.2008;2,3901
30.10.2008;2,3627
31.10.2008;2,4518
03.11.2008;2,4496
04.11.2008;2,4931
05.11.2008;2,5390
06.11.2008;2,4514
07.11.2008;2,3605
10.11.2008;2,3967
11.11.2008;2,4009
12.11.2008;2,3603
13.11.2008;2,3027
14.11.2008;2,3547
17.11.2008;2,3177
18.11.2008;2,2681
19.11.2008;2,2963
20.11.2008;2,2436
21.11.2008;2,1640
24.11.2008;2,2225
25.11.2008;2,2858
26.11.2008;2,2550
27.11.2008;2,2865
28.11.2008;2,2923
01.12.2008;2,3491
02.12.2008;2,2206
03.12.2008;2,2575
04.12.2008;2,2982
05.12.2008;2,2666
08.12.2008;2,2936
09.12.2008;2,3494
10.12.2008;2,3106
11.12.2008;2,2974
12.12.2008;2,2340
15.12.2008;2,2183
16.12.2008;2,1791
17.12.2008;2,2062
18.12.2008;2,1547
19.12.2008;2,1534
22.12.2008;2,1770
23.12.2008;2,1574
29.12.2008;2,1345
30.12.2008;2,1415
31.12.2008;2,1657
02.01.2009;2,2106
05.01.2009;2,2637
07.01.2009;2,3229
08.01.2009;2,2564
09.01.2009;2,2468
12.01.2009;2,2402
13.01.2009;2,2361
14.01.2009;2,2162
15.01.2009;2,1635
16.01.2009;2,1729
19.01.2009;2,1845
20.01.2009;2,2240
21.01.2009;2,1735
22.01.2009;2,1970
23.01.2009;2,1663
26.01.2009;2,1429
27.01.2009;2,1400
28.01.2009;2,1611
29.01.2009;2,2179
30.01.2009;2,1971
02.02.2009;2,1731
03.02.2009;2,1441
04.02.2009;2,1655
05.02.2009;2,1550
06.02.2009;2,1646
09.02.2009;2,1966
10.02.2009;2,1910
11.02.2009;2,1092
12.02.2009;2,1140
13.02.2009;2,1196
16.02.2009;2,1314
17.02.2009;2,1375
18.02.2009;2,0824
19.02.2009;2,0840
20.02.2009;2,0764
23.02.2009;2,0156
24.02.2009;1,9954
25.02.2009;2,0182
26.02.2009;2,0175
27.02.2009;1,9831
02.03.2009;1,9901
03.03.2009;1,9208
04.03.2009;1,9292
05.03.2009;1,9575
06.03.2009;1,8727
09.03.2009;1,8792
10.03.2009;1,8491
11.03.2009;1,9324
12.03.2009;1,9250
13.03.2009;1,9570
16.03.2009;1,9580
17.03.2009;1,9687
18.03.2009;1,9831
19.03.2009;1,9483
20.03.2009;1,9030
23.03.2009;1,8850
24.03.2009;1,9764
25.03.2009;1,9837
26.03.2009;2,0039
27.03.2009;2,0318
30.03.2009;2,0448
31.03.2009;1,9858
01.04.2009;2,0212
02.04.2009;2,0562
03.04.2009;2,1134
06.04.2009;2,0891
07.04.2009;2,1045
08.04.2009;2,0982
09.04.2009;2,1025
14.04.2009;2,1283
15.04.2009;2,1088
16.04.2009;2,1408
17.04.2009;2,1874
20.04.2009;2,2166
21.04.2009;2,1660
22.04.2009;2,1841
23.04.2009;2,1613
24.04.2009;2,1443
27.04.2009;2,1902
28.04.2009;2,1943
29.04.2009;2,1731
30.04.2009;2,1973
04.05.2009;2,2002
05.05.2009;2,2460
06.05.2009;2,2510
07.05.2009;2,2808
08.05.2009;2,2514
11.05.2009;2,2439
12.05.2009;2,2190
13.05.2009;2,2102
14.05.2009;2,1964
15.05.2009;2,2034
18.05.2009;2,2182
19.05.2009;2,2531
20.05.2009;2,2505
22.05.2009;2,2014
25.05.2009;2,1946
26.05.2009;2,2012
27.05.2009;2,2388
28.05.2009;2,2231
29.05.2009;2,2038
01.06.2009;2,2114
02.06.2009;2,2660
03.06.2009;2,2633
04.06.2009;2,2652
05.06.2009;2,2661
08.06.2009;2,2875
09.06.2009;2,2907
10.06.2009;2,2745
11.06.2009;2,2731
12.06.2009;2,2564
15.06.2009;2,2737
16.06.2009;2,2437
17.06.2009;2,2218
18.06.2009;2,2150
22.06.2009;2,2472
23.06.2009;2,2070
24.06.2009;2,1828
25.06.2009;2,2125
26.06.2009;2,2310
29.06.2009;2,2292
30.06.2009;2,2322
01.07.2009;2,2221
02.07.2009;2,2427
03.07.2009;2,2133
06.07.2009;2,2187
07.07.2009;2,2411
08.07.2009;2,2091
09.07.2009;2,2060
10.07.2009;2,2117
13.07.2009;2,2021
14.07.2009;2,2410
15.07.2009;2,2523
16.07.2009;2,2895
17.07.2009;2,3082
20.07.2009;2,2884
21.07.2009;2,3044
22.07.2009;2,3173
23.07.2009;2,3079
24.07.2009;2,3352
27.07.2009;2,3293
28.07.2009;2,3239
29.07.2009;2,3389
30.07.2009;2,3699
31.07.2009;2,3827
03.08.2009;2,3615
04.08.2009;2,3363
05.08.2009;2,3404
06.08.2009;2,3393
07.08.2009;2,3320
10.08.2009;2,3720
11.08.2009;2,3790
12.08.2009;2,3582
13.08.2009;2,3554
14.08.2009;2,3600
17.08.2009;2,3574
18.08.2009;2,3233
19.08.2009;2,3376
20.08.2009;2,3418
21.08.2009;2,3426
24.08.2009;2,3759
25.08.2009;2,3701
26.08.2009;2,3778
27.08.2009;2,3954
28.08.2009;2,3936
31.08.2009;2,4035
01.09.2009;2,3888
02.09.2009;2,3650
03.09.2009;2,3490
04.09.2009;2,3539
07.09.2009;2,3780
08.09.2009;2,3684
09.09.2009;2,3840
10.09.2009;2,3882
11.09.2009;2,4019
14.09.2009;2,4065
15.09.2009;2,4086
16.09.2009;2,4036
17.09.2009;2,4202
18.09.2009;2,4324
21.09.2009;2,4461
22.09.2009;2,4253
23.09.2009;2,4197
24.09.2009;2,4182
25.09.2009;2,4213
28.09.2009;2,4184
29.09.2009;2,4523
30.09.2009;2,4477
01.10.2009;2,4525
02.10.2009;2,4149
05.10.2009;2,3916
06.10.2009;2,3939
07.10.2009;2,4255
08.10.2009;2,4291
09.10.2009;2,4525
12.10.2009;2,4652
13.10.2009;2,4647
14.10.2009;2,4489
15.10.2009;2,4669
16.10.2009;2,4798
19.10.2009;2,4866
20.10.2009;2,5009
21.10.2009;2,4959
22.10.2009;2,4865
23.10.2009;2,5037
26.10.2009;2,4828
27.10.2009;2,4933
28.10.2009;2,4974
29.10.2009;2,4737
30.10.2009;2,5179
02.11.2009;2,4769
03.11.2009;2,4850
04.11.2009;2,4781
05.11.2009;2,4767
06.11.2009;2,5168
09.11.2009;2,5124
10.11.2009;2,5460
11.11.2009;2,5461
12.11.2009;2,5633
13.11.2009;2,5508
16.11.2009;2,5735
17.11.2009;2,6102
18.11.2009;2,6062
19.11.2009;2,5908
20.11.2009;2,5668
23.11.2009;2,5609
24.11.2009;2,5923
25.11.2009;2,5831
26.11.2009;2,5771
27.11.2009;2,5874
30.11.2009;2,5552
01.12.2009;2,5608
02.12.2009;2,5816
03.12.2009;2,5890
04.12.2009;2,5685
07.12.2009;2,6141
08.12.2009;2,6183
09.12.2009;2,5956
10.12.2009;2,5959
11.12.2009;2,6192
14.12.2009;2,6496
15.12.2009;2,6701
16.12.2009;2,6700
17.12.2009;2,6908
18.12.2009;2,6644
21.12.2009;2,6756
22.12.2009;2,6939
23.12.2009;2,7163
28.12.2009;2,7109
29.12.2009;2,7040
30.12.2009;2,7201
31.12.2009;2,7050
04.01.2010;2,7079
05.01.2010;2,7068
07.01.2010;2,6982
08.01.2010;2,7164
11.01.2010;2,6893
12.01.2010;2,6862
13.01.2010;2,6938
14.01.2010;2,7097
15.01.2010;2,7284
18.01.2010;2,7168
19.01.2010;2,7165
20.01.2010;2,7621
21.01.2010;2,7577
22.01.2010;2,7282
25.01.2010;2,6859
26.01.2010;2,6825
27.01.2010;2,6924
28.01.2010;2,7101
29.01.2010;2,7090
01.02.2010;2,7070
02.02.2010;2,7238
03.02.2010;2,7446
04.02.2010;2,7647
05.02.2010;2,7200
08.02.2010;2,7052
09.02.2010;2,6870
10.02.2010;2,7100
11.02.2010;2,7178
12.02.2010;2,7567
15.02.2010;2,7538
16.02.2010;2,7373
17.02.2010;2,7589
18.02.2010;2,8056
19.02.2010;2,8351
22.02.2010;2,8254
23.02.2010;2,8120
24.02.2010;2,8163
25.02.2010;2,8359
26.02.2010;2,8101
01.03.2010;2,8142
02.03.2010;2,8582
03.03.2010;2,8459
04.03.2010;2,8456
05.03.2010;2,8697
08.03.2010;2,8886
09.03.2010;2,9004
10.03.2010;2,9069
11.03.2010;2,9021
12.03.2010;2,8993
15.03.2010;2,8983
16.03.2010;2,9091
17.03.2010;2,9127
18.03.2010;2,9305
19.03.2010;2,9573
22.03.2010;2,9544
23.03.2010;2,9727
24.03.2010;3,0126
25.03.2010;3,0092
26.03.2010;3,0062
29.03.2010;2,9852
30.03.2010;2,9870
31.03.2010;3,0082
01.04.2010;2,9958
06.04.2010;3,0398
07.04.2010;3,0329
08.04.2010;3,0273
09.04.2010;3,0251
12.04.2010;3,0167
13.04.2010;3,0183
14.04.2010;3,0251
15.04.2010;3,0421
16.04.2010;3,0481
19.04.2010;3,0285
20.04.2010;3,0393
21.04.2010;3,0616
22.04.2010;3,0701
23.04.2010;3,0827
26.04.2010;3,0784
27.04.2010;3,0778
28.04.2010;3,0530
29.04.2010;3,0536
30.04.2010;3,0693
03.05.2010;3,0502
04.05.2010;3,0948
05.05.2010;3,0688
06.05.2010;3,0780
07.05.2010;3,0174
10.05.2010;2,9462
11.05.2010;3,0878
12.05.2010;3,1113
14.05.2010;3,1323
17.05.2010;3,1295
18.05.2010;3,1347
19.05.2010;3,1442
20.05.2010;3,0897
21.05.2010;2,9844
24.05.2010;3,0149
25.05.2010;3,0208
26.05.2010;3,0097
27.05.2010;3,0003
28.05.2010;3,0672
31.05.2010;3,0505
01.06.2010;3,0645
02.06.2010;3,0521
03.06.2010;3,1057
04.06.2010;3,1251
07.06.2010;3,0854
08.06.2010;3,0617
09.06.2010;3,0844
10.06.2010;3,0722
11.06.2010;3,1063
14.06.2010;3,1008
15.06.2010;3,0998
16.06.2010;3,1297
17.06.2010;3,1147
18.06.2010;3,1107
21.06.2010;3,1113
22.06.2010;3,1230
23.06.2010;3,0866
24.06.2010;3,0806
28.06.2010;3,0091
29.06.2010;3,0417
30.06.2010;2,9871
01.07.2010;2,9483
02.07.2010;2,9011
05.07.2010;2,8809
06.07.2010;2,8834
07.07.2010;2,8942
08.07.2010;2,9444
09.07.2010;2,9670
12.07.2010;2,9980
13.07.2010;3,0235
14.07.2010;3,0367
15.07.2010;3,0325
16.07.2010;2,9964
19.07.2010;2,9331
20.07.2010;2,9297
21.07.2010;2,9913
22.07.2010;2,9876
23.07.2010;3,0295
26.07.2010;3,0396
27.07.2010;3,0413
28.07.2010;3,0336
29.07.2010;3,0124
30.07.2010;2,9802
02.08.2010;2,9908
03.08.2010;3,0106
04.08.2010;2,9842
05.08.2010;3,0077
06.08.2010;2,9910
09.08.2010;2,9783
10.08.2010;3,0065
11.08.2010;3,0264
12.08.2010;2,9995
13.08.2010;2,9992
16.08.2010;3,0006
17.08.2010;2,9927
18.08.2010;3,0204
19.08.2010;3,0444
20.08.2010;3,0029
23.08.2010;3,0145
24.08.2010;3,0189
25.08.2010;2,9885
26.08.2010;3,0038
27.08.2010;2,9896
30.08.2010;3,0210
31.08.2010;2,9936
01.09.2010;2,9953
02.09.2010;3,0422
03.09.2010;3,0497
06.09.2010;3,0649
07.09.2010;3,0855
08.09.2010;3,0848
09.09.2010;3,1006
10.09.2010;3,1083
13.09.2010;3,1085
14.09.2010;3,1051
15.09.2010;3,0871
16.09.2010;3,0973
17.09.2010;3,0795
20.09.2010;3,0912
21.09.2010;3,1320
22.09.2010;3,0768
23.09.2010;3,0621
24.09.2010;3,0506
27.09.2010;3,0762
28.09.2010;3,0671
29.09.2010;3,0551
30.09.2010;3,0263
01.10.2010;3,0191
04.10.2010;3,0004
05.10.2010;2,9893
06.10.2010;3,0184
07.10.2010;2,9929
08.10.2010;2,9973
11.10.2010;3,0102
12.10.2010;3,0158
13.10.2010;3,0111
14.10.2010;3,0281
15.10.2010;3,0194
18.10.2010;3,0628
19.10.2010;3,0635
20.10.2010;3,0513
21.10.2010;3,0532
22.10.2010;3,0860
25.10.2010;3,0845
26.10.2010;3,1000
27.10.2010;3,0910
28.10.2010;3,0808
29.10.2010;3,0739
01.11.2010;3,0682
02.11.2010;3,0612
03.11.2010;3,0697
04.11.2010;3,0557
05.11.2010;3,0973
08.11.2010;3,1364
09.11.2010;3,1547
10.11.2010;3,1599
11.11.2010;3,1582
12.11.2010;3,1575
15.11.2010;3,1552
16.11.2010;3,1611
17.11.2010;3,1418
18.11.2010;3,1501
19.11.2010;3,1676
22.11.2010;3,1738
23.11.2010;3,1860
24.11.2010;3,1912
25.11.2010;3,2341
26.11.2010;3,2359
29.11.2010;3,2369
30.11.2010;3,2473
01.12.2010;3,2571
02.12.2010;3,3145
03.12.2010;3,3321
07.12.2010;3,2923
08.12.2010;3,3153
09.12.2010;3,3117
10.12.2010;3,3177
13.12.2010;3,3332
14.12.2010;3,3020
15.12.2010;3,3219
16.12.2010;3,3475
17.12.2010;3,3537
20.12.2010;3,3852
21.12.2010;3,3876
22.12.2010;3,4186
23.12.2010;3,4192
27.12.2010;3,3871
28.12.2010;3,3621
29.12.2010;3,3843
30.12.2010;3,3617
31.12.2010;3,3322
03.01.2011;3,3479
04.01.2011;3,3411
05.01.2011;3,3346
07.01.2011;3,3918
10.01.2011;3,3970
11.01.2011;3,3911
12.01.2011;3,3818
13.01.2011;3,3620
14.01.2011;3,2940
17.01.2011;3,3315
18.01.2011;3,3170
19.01.2011;3,3057
20.01.2011;3,2749
21.01.2011;3,2419
24.01.2011;3,2454
25.01.2011;3,2534
26.01.2011;3,2533
27.01.2011;3,2541
28.01.2011;3,2211
31.01.2011;3,2001
01.02.2011;3,1927
02.02.2011;3,2040
03.02.2011;3,2050
04.02.2011;3,2533
07.02.2011;3,2689
08.02.2011;3,2825
09.02.2011;3,3018
10.02.2011;3,3121
11.02.2011;3,3149
14.02.2011;3,3425
15.02.2011;3,3315
16.02.2011;3,3209
17.02.2011;3,3304
18.02.2011;3,3272
21.02.2011;3,3121
22.02.2011;3,3242
23.02.2011;3,2613
24.02.2011;3,2314
25.02.2011;3,2429
28.02.2011;3,2503
01.03.2011;3,2797
02.03.2011;3,2411
03.03.2011;3,2310
04.03.2011;3,2436
07.03.2011;3,2139
08.03.2011;3,2143
09.03.2011;3,2432
10.03.2011;3,2420
11.03.2011;3,2152
14.03.2011;3,1828
15.03.2011;3,1198
16.03.2011;3,1139
17.03.2011;3,0638
18.03.2011;3,0730
21.03.2011;3,0719
22.03.2011;3,0864
23.03.2011;3,0872
24.03.2011;3,1197
25.03.2011;3,1350
28.03.2011;3,1514
29.03.2011;3,1382
30.03.2011;3,1733
31.03.2011;3,1740
01.04.2011;3,1663
04.04.2011;3,1623
05.04.2011;3,1701
06.04.2011;3,1464
07.04.2011;3,1462
08.04.2011;3,1230
11.04.2011;3,0955
12.04.2011;3,1079
13.04.2011;3,0928
14.04.2011;3,1114
15.04.2011;3,1284
18.04.2011;3,1571
19.04.2011;3,1504
20.04.2011;3,1328
21.04.2011;3,1307
26.04.2011;3,1278
27.04.2011;3,1333
28.04.2011;3,1233
29.04.2011;3,1367
02.05.2011;3,1637
03.05.2011;3,1653
04.05.2011;3,1614
05.05.2011;3,1457
06.05.2011;3,1799
09.05.2011;3,2156
10.05.2011;3,2243
11.05.2011;3,2563
12.05.2011;3,2564
13.05.2011;3,2818
16.05.2011;3,2980
17.05.2011;3,2801
18.05.2011;3,2723
19.05.2011;3,2866
20.05.2011;3,2873
23.05.2011;3,3147
24.05.2011;3,2891
25.05.2011;3,2907
26.05.2011;3,2696
27.05.2011;3,2758
30.05.2011;3,2835
31.05.2011;3,2690
01.06.2011;3,2715
03.06.2011;3,2052
06.06.2011;3,1667
07.06.2011;3,1572
08.06.2011;3,1469
09.06.2011;3,1460
10.06.2011;3,1827
13.06.2011;3,1626
14.06.2011;3,1682
15.06.2011;3,2089
16.06.2011;3,2052
17.06.2011;3,2119
20.06.2011;3,2203
21.06.2011;3,2185
22.06.2011;3,2299
23.06.2011;3,2431
27.06.2011;3,2415
28.06.2011;3,2433
29.06.2011;3,2675
30.06.2011;3,2604
01.07.2011;3,2767
04.07.2011;3,3132
05.07.2011;3,3265
06.07.2011;3,3574
07.07.2011;3,3821
08.07.2011;3,4085
11.07.2011;3,4214
12.07.2011;3,4187
13.07.2011;3,3977
14.07.2011;3,3904
15.07.2011;3,3944
18.07.2011;3,4211
19.07.2011;3,3776
20.07.2011;3,4244
21.07.2011;3,4136
22.07.2011;3,4096
25.07.2011;3,4300
26.07.2011;3,3905
27.07.2011;3,3837
28.07.2011;3,3513
29.07.2011;3,3591
01.08.2011;3,3375
02.08.2011;3,3443
03.08.2011;3,2698
04.08.2011;3,2894
05.08.2011;3,1793
08.08.2011;3,1653
09.08.2011;3,0365
10.08.2011;3,1355
11.08.2011;3,0408
12.08.2011;3,1142
15.08.2011;3,1630
16.08.2011;3,1715
17.08.2011;3,1690
18.08.2011;3,1670
19.08.2011;3,0708
22.08.2011;3,0361
23.08.2011;3,0669
24.08.2011;3,1129
25.08.2011;3,1445
26.08.2011;3,1008
29.08.2011;3,1331
30.08.2011;3,1792
31.08.2011;3,2031
01.09.2011;3,2559
02.09.2011;3,2568
05.09.2011;3,2085
06.09.2011;3,1914
07.09.2011;3,1826
08.09.2011;3,2333
09.09.2011;3,2534
12.09.2011;3,2099
13.09.2011;3,2104
14.09.2011;3,2284
15.09.2011;3,2563
16.09.2011;3,2816
19.09.2011;3,3122
20.09.2011;3,3030
21.09.2011;3,3110
22.09.2011;3,2474
23.09.2011;3,1819
26.09.2011;3,2207
27.09.2011;3,2616
28.09.2011;3,2784
29.09.2011;3,2338
30.09.2011;3,2441
03.10.2011;3,2071
04.10.2011;3,1763
05.10.2011;3,1815
06.10.2011;3,2113
07.10.2011;3,2355
10.10.2011;3,2204
11.10.2011;3,2684
12.10.2011;3,2592
13.10.2011;3,2814
14.10.2011;3,2906
17.10.2011;3,3157
18.10.2011;3,2927
19.10.2011;3,2992
20.10.2011;3,2990
21.10.2011;3,3081
24.10.2011;3,3606
25.10.2011;3,3593
26.10.2011;3,3207
27.10.2011;3,3389
28.10.2011;3,3840
31.10.2011;3,3988
01.11.2011;3,3989
02.11.2011;3,3279
03.11.2011;3,3575
04.11.2011;3,3785
07.11.2011;3,3619
08.11.2011;3,3792
09.11.2011;3,3957
10.11.2011;3,3482
11.11.2011;3,3611
14.11.2011;3,4035
15.11.2011;3,4084
16.11.2011;3,4305
17.11.2011;3,3857
18.11.2011;3,3422
21.11.2011;3,3364
22.11.2011;3,2748
23.11.2011;3,2797
24.11.2011;3,2442
25.11.2011;3,2553
28.11.2011;3,2765
29.11.2011;3,3427
30.11.2011;3,3464
01.12.2011;3,4066
02.12.2011;3,4012
05.12.2011;3,4024
07.12.2011;3,4304
08.12.2011;3,4404
09.12.2011;3,4124
12.12.2011;3,4543
13.12.2011;3,4587
14.12.2011;3,4579
15.12.2011;3,4374
16.12.2011;3,4362
19.12.2011;3,4245
20.12.2011;3,4178
21.12.2011;3,4573
22.12.2011;3,4845
23.12.2011;3,4951
27.12.2011;3,5301
28.12.2011;3,5314
29.12.2011;3,5418
30.12.2011;3,5740
02.01.2012;3,5676
03.01.2012;3,5728
04.01.2012;3,5856
05.01.2012;3,6301
09.01.2012;3,6429
10.01.2012;3,6465
11.01.2012;3,6361
12.01.2012;3,6291
13.01.2012;3,6066
16.01.2012;3,6257
17.01.2012;3,6258
18.01.2012;3,6382
19.01.2012;3,6352
20.01.2012;3,6504
23.01.2012;3,6370
24.01.2012;3,6065
25.01.2012;3,5919
26.01.2012;3,5885
27.01.2012;3,5824
30.01.2012;3,5493
31.01.2012;3,5418
01.02.2012;3,5787
02.02.2012;3,5791
03.02.2012;3,5819
06.02.2012;3,6380
07.02.2012;3,6267
08.02.2012;3,6257
09.02.2012;3,6201
10.02.2012;3,6195
13.02.2012;3,6053
14.02.2012;3,6390
15.02.2012;3,6667
16.02.2012;3,6942
17.02.2012;3,7057
20.02.2012;3,7105
21.02.2012;3,6878
22.02.2012;3,7022
23.02.2012;3,6866
24.02.2012;3,6797
27.02.2012;3,6706
28.02.2012;3,6750
29.02.2012;3,6727
01.03.2012;3,6922
02.03.2012;3,7225
05.03.2012;3,7202
06.03.2012;3,7133
07.03.2012;3,6885
08.03.2012;3,6984
09.03.2012;3,7115
12.03.2012;3,7375
13.03.2012;3,7462
14.03.2012;3,8130
15.03.2012;3,8240
16.03.2012;3,8340
19.03.2012;3,8115
20.03.2012;3,7908
21.03.2012;3,7813
22.03.2012;3,8051
23.03.2012;3,7785
26.03.2012;3,7737
27.03.2012;3,8013
28.03.2012;3,7969
29.03.2012;3,7831
30.03.2012;3,7677
02.04.2012;3,7907
03.04.2012;3,8067
04.04.2012;3,8072
05.04.2012;3,7921
10.04.2012;3,7697
11.04.2012;3,7095
12.04.2012;3,7173
13.04.2012;3,7223
16.04.2012;3,7253
17.04.2012;3,7096
18.04.2012;3,7503
19.04.2012;3,7417
20.04.2012;3,7048
23.04.2012;3,7272
24.04.2012;3,6835
25.04.2012;3,6810
26.04.2012;3,7187
27.04.2012;3,7377
30.04.2012;3,7316
02.05.2012;3,7358
03.05.2012;3,7556
04.05.2012;3,7517
07.05.2012;3,7120
08.05.2012;3,7310
09.05.2012;3,7277
10.05.2012;3,7211
11.05.2012;3,7288
14.05.2012;3,7359
15.05.2012;3,7169
16.05.2012;3,7319
18.05.2012;3,6986
21.05.2012;3,6615
22.05.2012;3,6851
23.05.2012;3,7053
24.05.2012;3,7133
25.05.2012;3,7063
28.05.2012;3,7083
29.05.2012;3,7184
30.05.2012;3,7621
31.05.2012;3,7394
01.06.2012;3,7315
04.06.2012;3,6260
05.06.2012;3,6355
06.06.2012;3,6334
07.06.2012;3,6749
08.06.2012;3,6764
11.06.2012;3,6856
12.06.2012;3,6766
13.06.2012;3,6932
14.06.2012;3,6562
15.06.2012;3,6652
18.06.2012;3,6807
19.06.2012;3,6865
20.06.2012;3,6886
21.06.2012;3,6906
25.06.2012;3,6898
26.06.2012;3,6490
27.06.2012;3,6672
28.06.2012;3,6931
29.06.2012;3,6847
02.07.2012;3,7091
03.07.2012;3,7389
04.07.2012;3,7607
05.07.2012;3,7757
06.07.2012;3,7974
09.07.2012;3,7922
10.07.2012;3,7745
11.07.2012;3,7785
12.07.2012;3,7680
13.07.2012;3,7739
16.07.2012;3,8086
17.07.2012;3,7828
18.07.2012;3,8056
19.07.2012;3,8353
20.07.2012;3,8441
23.07.2012;3,8491
24.07.2012;3,8076
25.07.2012;3,7776
26.07.2012;3,7893
27.07.2012;3,8415
30.07.2012;3,8906
31.07.2012;3,9055
01.08.2012;3,8657
02.08.2012;3,8729
03.08.2012;3,8608
06.08.2012;3,8814
07.08.2012;3,8830
08.08.2012;3,8990
09.08.2012;3,9165
10.08.2012;3,9269
13.08.2012;3,9142
14.08.2012;3,8927
15.08.2012;3,8994
16.08.2012;3,9269
17.08.2012;3,9322
20.08.2012;3,9427
21.08.2012;3,9292
22.08.2012;3,9002
23.08.2012;3,8763
24.08.2012;3,8638
27.08.2012;3,8982
28.08.2012;3,8974
29.08.2012;3,8840
30.08.2012;3,8675
31.08.2012;3,8410
03.09.2012;3,8503
04.09.2012;3,8400
05.09.2012;3,8370
06.09.2012;3,8178
07.09.2012;3,8645
10.09.2012;3,8316
11.09.2012;3,8203
12.09.2012;3,8156
13.09.2012;3,8021
14.09.2012;3,8330
17.09.2012;3,8037
18.09.2012;3,8173
19.09.2012;3,8356
20.09.2012;3,8629
21.09.2012;3,8711
24.09.2012;3,8590
25.09.2012;3,8848
26.09.2012;3,8534
27.09.2012;3,8383
28.09.2012;3,8401
01.10.2012;3,8306
02.10.2012;3,8453
03.10.2012;3,8275
04.10.2012;3,8378
05.10.2012;3,8479
08.10.2012;3,8582
09.10.2012;3,8505
10.10.2012;3,8312
11.10.2012;3,8230
12.10.2012;3,8067
15.10.2012;3,8207
16.10.2012;3,8305
17.10.2012;3,8328
18.10.2012;3,8608
19.10.2012;3,8474
22.10.2012;3,8016
23.10.2012;3,7807
24.10.2012;3,7476
25.10.2012;3,7461
26.10.2012;3,7600
29.10.2012;3,7555
30.10.2012;3,7473
31.10.2012;3,7477
01.11.2012;3,7529
02.11.2012;3,8150
05.11.2012;3,8273
06.11.2012;3,8243
07.11.2012;3,8369
08.11.2012;3,8014
09.11.2012;3,7740
12.11.2012;3,7631
13.11.2012;3,7731
14.11.2012;3,7600
15.11.2012;3,7199
16.11.2012;3,7260
19.11.2012;3,7314
20.11.2012;3,7820
21.11.2012;3,7902
22.11.2012;3,7941
23.11.2012;3,7906
26.11.2012;3,8208
27.11.2012;3,7974
28.11.2012;3,7869
29.11.2012;3,8192
30.11.2012;3,8047
03.12.2012;3,7840
04.12.2012;3,7649
05.12.2012;3,7565
07.12.2012;3,8250
10.12.2012;3,8330
11.12.2012;3,8186
12.12.2012;3,8403
13.12.2012;3,8320
14.12.2012;3,8187
17.12.2012;3,7987
18.12.2012;3,8285
19.12.2012;3,8324
20.12.2012;3,8087
21.12.2012;3,8149
27.12.2012;3,7652
28.12.2012;3,7792
31.12.2012;3,7521
02.01.2013;3,7774
03.01.2013;3,8661
04.01.2013;3,9002
07.01.2013;3,9029
08.01.2013;3,8685
09.01.2013;3,8558
10.01.2013;3,8594
11.01.2013;3,8551
14.01.2013;3,8415
15.01.2013;3,8523
16.01.2013;3,8882
17.01.2013;3,8824
18.01.2013;3,9047
21.01.2013;3,9158
22.01.2013;3,9139
23.01.2013;3,9293
24.01.2013;3,9530
25.01.2013;3,9395
28.01.2013;3,9724
29.01.2013;3,9731
30.01.2013;3,9711
31.01.2013;3,9382
01.02.2013;3,9150
04.02.2013;3,9603
05.02.2013;3,9204
06.02.2013;3,9438
07.02.2013;3,9468
08.02.2013;3,9749
11.02.2013;3,9883
12.02.2013;3,9878
13.02.2013;3,9602
14.02.2013;3,9636
15.02.2013;4,0085
18.02.2013;4,0198
19.02.2013;4,0250
20.02.2013;4,0446
21.02.2013;4,0542
22.02.2013;4,0514
25.02.2013;4,0828
26.02.2013;4,0727
27.02.2013;4,0766
28.02.2013;4,1107
01.03.2013;4,1415
04.03.2013;4,1618
05.03.2013;4,1919
06.03.2013;4,2242
07.03.2013;4,2370
08.03.2013;4,2422
11.03.2013;4,2736
12.03.2013;4,2661
13.03.2013;4,2518
14.03.2013;4,2777
15.03.2013;4,2877
18.03.2013;4,2689
19.03.2013;4,2820
20.03.2013;4,2991
21.03.2013;4,3186
22.03.2013;4,2813
25.03.2013;4,3083
26.03.2013;4,3207
27.03.2013;4,3590
28.03.2013;4,3568
02.04.2013;4,3485
03.04.2013;4,4036
04.04.2013;4,3546
05.04.2013;4,3147
08.04.2013;4,2828
09.04.2013;4,2859
10.04.2013;4,2781
11.04.2013;4,3418
12.04.2013;4,3347
15.04.2013;4,3282
16.04.2013;4,2767
17.04.2013;4,3049
18.04.2013;4,2957
19.04.2013;4,2775
22.04.2013;4,3482
23.04.2013;4,3777
24.04.2013;4,4279
25.04.2013;4,4116
26.04.2013;4,4020
29.04.2013;4,3866
30.04.2013;4,4266
02.05.2013;4,4066
03.05.2013;4,4317
06.05.2013;4,4678
07.05.2013;4,4906
08.05.2013;4,5021
10.05.2013;4,5111
13.05.2013;4,5646
14.05.2013;4,5558
15.05.2013;4,6454
16.05.2013;4,7023
17.05.2013;4,6699
20.05.2013;4,7114
21.05.2013;4,7040
22.05.2013;4,6972
23.05.2013;4,6610
24.05.2013;4,6270
27.05.2013;4,6182
28.05.2013;4,6437
29.05.2013;4,6696
30.05.2013;4,5762
31.05.2013;4,5289
03.06.2013;4,4679
04.06.2013;4,5175
05.06.2013;4,4829
06.06.2013;4,4188
07.06.2013;4,4088
10.06.2013;4,4937
11.06.2013;4,4739
12.06.2013;4,4279
13.06.2013;4,3823
14.06.2013;4,4151
17.06.2013;4,4238
18.06.2013;4,4556
19.06.2013;4,4739
20.06.2013;4,4571
24.06.2013;4,3821
25.06.2013;4,3544
26.06.2013;4,4060
27.06.2013;4,4602
28.06.2013;4,5002
01.07.2013;4,5103
02.07.2013;4,5244
03.07.2013;4,5327
04.07.2013;4,5444
05.07.2013;4,6036
08.07.2013;4,6131
09.07.2013;4,6448
10.07.2013;4,6887
11.07.2013;4,6431
12.07.2013;4,6812
15.07.2013;4,6837
16.07.2013;4,6820
17.07.2013;4,6435
18.07.2013;4,6536
19.07.2013;4,6445
22.07.2013;4,6187
23.07.2013;4,6170
24.07.2013;4,5875
25.07.2013;4,5770
26.07.2013;4,5661
29.07.2013;4,5714
30.07.2013;4,5686
31.07.2013;4,5541
01.08.2013;4,5673
02.08.2013;4,6178
05.08.2013;4,6161
06.08.2013;4,6184
07.08.2013;4,5901
08.08.2013;4,5559
09.08.2013;4,5735
12.08.2013;4,5769
13.08.2013;4,5882
14.08.2013;4,5923
15.08.2013;4,5597
16.08.2013;4,5034
19.08.2013;4,4990
20.08.2013;4,4673
21.08.2013;4,4603
22.08.2013;4,4519
23.08.2013;4,4745
26.08.2013;4,5050
27.08.2013;4,4804
28.08.2013;4,4161
29.08.2013;4,4303
30.08.2013;4,4370
02.09.2013;4,4423
03.09.2013;4,5271
04.09.2013;4,5134
05.09.2013;4,5354
06.09.2013;4,5568
09.09.2013;4,5410
10.09.2013;4,5613
11.09.2013;4,5855
12.09.2013;4,5970
13.09.2013;4,6191
16.09.2013;4,6294
17.09.2013;4,6372
18.09.2013;4,6604
19.09.2013;4,6846
20.09.2013;4,6666
23.09.2013;4,6520
24.09.2013;4,6241
25.09.2013;4,6118
26.09.2013;4,5931
27.09.2013;4,6178
30.09.2013;4,6015
01.10.2013;4,5666
02.10.2013;4,5780
03.10.2013;4,5395
04.10.2013;4,5164
07.10.2013;4,5191
08.10.2013;4,4950
09.10.2013;4,4784
10.10.2013;4,4763
11.10.2013;4,5272
14.10.2013;4,5396
15.10.2013;4,5497
16.10.2013;4,5343
17.10.2013;4,5652
18.10.2013;4,5944
21.10.2013;4,6589
22.10.2013;4,6525
23.10.2013;4,6674
24.10.2013;4,6505
25.10.2013;4,6263
28.10.2013;4,6591
29.10.2013;4,6835
30.10.2013;4,7282
31.10.2013;4,7149
01.11.2013;4,7211
04.11.2013;4,7398
05.11.2013;4,7557
06.11.2013;4,7654
07.11.2013;4,7856
08.11.2013;4,7619
11.11.2013;4,8001
12.11.2013;4,7983
13.11.2013;4,7877
14.11.2013;4,8253
15.11.2013;4,8561
18.11.2013;4,8467
19.11.2013;4,8332
20.11.2013;4,8239
21.11.2013;4,8331
22.11.2013;4,8585
25.11.2013;4,8714
26.11.2013;4,8650
27.11.2013;4,8581
28.11.2013;4,8594
29.11.2013;4,8615
02.12.2013;4,8727
03.12.2013;4,8543
04.12.2013;4,8366
05.12.2013;4,8253
09.12.2013;4,8173
10.12.2013;4,8103
11.12.2013;4,7765
12.12.2013;4,7367
13.12.2013;4,6915
16.12.2013;4,6933
17.12.2013;4,7084
18.12.2013;4,6998
19.12.2013;4,7901
20.12.2013;4,7897
23.12.2013;4,8070
27.12.2013;4,8230
30.12.2013;4,8486
31.12.2013;4,8571
02.01.2014;4,8762
03.01.2014;4,8666
07.01.2014;4,8465
08.01.2014;4,8868
09.01.2014;4,8522
10.01.2014;4,8485
13.01.2014;4,8471
14.01.2014;4,7764
15.01.2014;4,8422
16.01.2014;4,8605
17.01.2014;4,8631
20.01.2014;4,8384
21.01.2014;4,8485
22.01.2014;4,8738
23.01.2014;4,8516
24.01.2014;4,7969
27.01.2014;4,7181
28.01.2014;4,6880
29.01.2014;4,7094
30.01.2014;4,6311
31.01.2014;4,6761
03.02.2014;4,7054
04.02.2014;4,6030
05.02.2014;4,6335
06.02.2014;4,6439
07.02.2014;4,6942
10.02.2014;4,7282
11.02.2014;4,7454
12.02.2014;4,8010
13.02.2014;4,7816
14.02.2014;4,7766
17.02.2014;4,7990
18.02.2014;4,7973
19.02.2014;4,7723
20.02.2014;4,7648
21.02.2014;4,7841
24.02.2014;4,7814
25.02.2014;4,8041
26.02.2014;4,8138
27.02.2014;4,8240
28.02.2014;4,8199
03.03.2014;4,8069
04.03.2014;4,7842
05.03.2014;4,8373
06.03.2014;4,8402
07.03.2014;4,8123
10.03.2014;4,7992
11.03.2014;4,7960
12.03.2014;4,7959
13.03.2014;4,7711
14.03.2014;4,7343
17.03.2014;4,7086
18.03.2014;4,7307
19.03.2014;4,7682
20.03.2014;4,7622
21.03.2014;4,7952
24.03.2014;4,7804
25.03.2014;4,7676
26.03.2014;4,8038
27.03.2014;4,7877
28.03.2014;4,8016
31.03.2014;4,8264
01.04.2014;4,8298
02.04.2014;4,8426
03.04.2014;4,8569
04.04.2014;4,8818
07.04.2014;4,8161
08.04.2014;4,7905
09.04.2014;4,8120
10.04.2014;4,8410
11.04.2014;4,7582
14.04.2014;4,7514
15.04.2014;4,7923
16.04.2014;4,7988
17.04.2014;4,8445
22.04.2014;4,8445
23.04.2014;4,8517
24.04.2014;4,8269
25.04.2014;4,8446
28.04.2014;4,8318
29.04.2014;4,8558
30.04.2014;4,8799
02.05.2014;4,8686
05.05.2014;4,8562
06.05.2014;4,8448
07.05.2014;4,8054
08.05.2014;4,8433
09.05.2014;4,8852
12.05.2014;4,9260
13.05.2014;4,9583
14.05.2014;4,9925
15.05.2014;4,9829
16.05.2014;4,9387
19.05.2014;4,9643
20.05.2014;4,9765
21.05.2014;4,9511
22.05.2014;5,0105
23.05.2014;5,0187
26.05.2014;5,0372
27.05.2014;5,0352
28.05.2014;5,0669
30.05.2014;5,0897
02.06.2014;5,1104
03.06.2014;5,1057
04.06.2014;5,0919
05.06.2014;5,1020
06.06.2014;5,0952
09.06.2014;5,1109
10.06.2014;5,1317
11.06.2014;5,1558
12.06.2014;5,1386
13.06.2014;5,0909
16.06.2014;5,1104
17.06.2014;5,1101
18.06.2014;5,1274
19.06.2014;5,1417
23.06.2014;5,1421
24.06.2014;5,1473
25.06.2014;5,1278
26.06.2014;5,1406
27.06.2014;5,1316
30.06.2014;5,1462
01.07.2014;5,1327
02.07.2014;5,1700
03.07.2014;5,1714
04.07.2014;5,2154
07.07.2014;5,2104
08.07.2014;5,1924
09.07.2014;5,1589
10.07.2014;5,1791
11.07.2014;5,1671
14.07.2014;5,1694
15.07.2014;5,2026
16.07.2014;5,2095
17.07.2014;5,2318
18.07.2014;5,1837
21.07.2014;5,2188
22.07.2014;5,2117
23.07.2014;5,2401
24.07.2014;5,2193
25.07.2014;5,2256
28.07.2014;5,2129
29.07.2014;5,2050
30.07.2014;5,1907
31.07.2014;5,1518
01.08.2014;5,0736
04.08.2014;5,0559
05.08.2014;5,0877
06.08.2014;5,0685
07.08.2014;5,0916
08.08.2014;5,0426
11.08.2014;5,0853
12.08.2014;5,1059
13.08.2014;5,1148
14.08.2014;5,1280
15.08.2014;5,1513
18.08.2014;5,1682
19.08.2014;5,2150
20.08.2014;5,2459
21.08.2014;5,2557
22.08.2014;5,2541
25.08.2014;5,2848
26.08.2014;5,2975
27.08.2014;5,2989
28.08.2014;5,2944
29.08.2014;5,3053
01.09.2014;5,3255
02.09.2014;5,3384
03.09.2014;5,3444
04.09.2014;5,3296
05.09.2014;5,4157
08.09.2014;5,4253
09.09.2014;5,4324
10.09.2014;5,3923
11.09.2014;5,4251
12.09.2014;5,4282
15.09.2014;5,4051
16.09.2014;5,4114
17.09.2014;5,4230
18.09.2014;5,4189
19.09.2014;5,4430
22.09.2014;5,4492
23.09.2014;5,4157
24.09.2014;5,3744
25.09.2014;5,4711
26.09.2014;5,3861
29.09.2014;5,4610
30.09.2014;5,4655
01.10.2014;5,4914
02.10.2014;5,4059
03.10.2014;5,3905
06.10.2014;5,4773
07.10.2014;5,4198
08.10.2014;5,3649
09.10.2014;5,3971
10.10.2014;5,3631
13.10.2014;5,3155
14.10.2014;5,2343
15.10.2014;5,2626
16.10.2014;5,1410
17.10.2014;5,1270
20.10.2014;5,1824
21.10.2014;5,2190
22.10.2014;5,2983
23.10.2014;5,3123
24.10.2014;5,3309
27.10.2014;5,3487
28.10.2014;5,3593
29.10.2014;5,3985
30.10.2014;5,4612
31.10.2014;5,5036
03.11.2014;5,5689
04.11.2014;5,5872
05.11.2014;5,5952
06.11.2014;5,6213
07.11.2014;5,6858
10.11.2014;5,6542
11.11.2014;5,7108
12.11.2014;5,6848
13.11.2014;5,7059
14.11.2014;5,7314
17.11.2014;5,6940
18.11.2014;5,7257
19.11.2014;5,7146
20.11.2014;5,7286
21.11.2014;5,7714
24.11.2014;5,8202
25.11.2014;5,8286
26.11.2014;5,8296
27.11.2014;5,8272
28.11.2014;5,8675
01.12.2014;5,9155
02.12.2014;5,8933
03.12.2014;5,9307
04.12.2014;5,9253
05.12.2014;5,9192
08.12.2014;5,9402
09.12.2014;5,8525
10.12.2014;5,8201
11.12.2014;5,7331
12.12.2014;5,7408
15.12.2014;5,6752
16.12.2014;5,5784
17.12.2014;5,5419
18.12.2014;5,6824
19.12.2014;5,8025
22.12.2014;5,8089
23.12.2014;5,8611
29.12.2014;5,9234
30.12.2014;5,9195
31.12.2014;5,8999
02.01.2015;5,8835
05.01.2015;5,8991
07.01.2015;5,8153
08.01.2015;5,9231
09.01.2015;6,0077
12.01.2015;5,9637
13.01.2015;5,9170
14.01.2015;5,9261
15.01.2015;5,9375
16.01.2015;6,0076
19.01.2015;6,0676
20.01.2015;6,0695
21.01.2015;6,1044
22.01.2015;6,1110
23.01.2015;6,3625
26.01.2015;6,3728
27.01.2015;6,3397
28.01.2015;6,2379
29.01.2015;6,1912
30.01.2015;6,2428
02.02.2015;6,1889
03.02.2015;6,2245
04.02.2015;6,1995
05.02.2015;6,2554
06.02.2015;6,2534
09.02.2015;6,2426
10.02.2015;6,2385
11.02.2015;6,3070
12.02.2015;6,3087
13.02.2015;6,2916
16.02.2015;6,2749
17.02.2015;6,2879
18.02.2015;6,2848
19.02.2015;6,2983
20.02.2015;6,3439
23.02.2015;6,3872
24.02.2015;6,4111
25.02.2015;6,4078
26.02.2015;6,4430
27.02.2015;6,5514
02.03.2015;6,5813
03.03.2015;6,6258
04.03.2015;6,6042
05.03.2015;6,6601
06.03.2015;6,6943
09.03.2015;6,6456
10.03.2015;6,7196
11.03.2015;6,6892
12.03.2015;6,6949
13.03.2015;6,7430
16.03.2015;6,7922
17.03.2015;6,8244
18.03.2015;6,8509
19.03.2015;6,9029
20.03.2015;6,8451
23.03.2015;6,8276
24.03.2015;6,7612
25.03.2015;6,7632
26.03.2015;6,6311
27.03.2015;6,7212
30.03.2015;6,7306
31.03.2015;6,7744
01.04.2015;6,7407
02.04.2015;6,6886
07.04.2015;6,7104
08.04.2015;6,7089
09.04.2015;6,8004
10.04.2015;6,8874
13.04.2015;6,9361
14.04.2015;6,9263
15.04.2015;6,9006
16.04.2015;6,9268
17.04.2015;6,8407
20.04.2015;6,7718
21.04.2015;6,8922
22.04.2015;6,8115
23.04.2015;6,8734
24.04.2015;6,7884
27.04.2015;6,8634
28.04.2015;6,8590
29.04.2015;6,7925
30.04.2015;6,6262
04.05.2015;6,6709
05.05.2015;6,7236
06.05.2015;6,5903
07.05.2015;6,4743
08.05.2015;6,6237
11.05.2015;6,7123
12.05.2015;6,6432
13.05.2015;6,6582
15.05.2015;6,6651
18.05.2015;6,6584
19.05.2015;6,7745
20.05.2015;6,8212
21.05.2015;6,7801
22.05.2015;6,7566
25.05.2015;6,8257
26.05.2015;6,8538
27.05.2015;6,7849
28.05.2015;6,8404
29.05.2015;6,8073
01.06.2015;6,7909
02.06.2015;6,7543
03.06.2015;6,6553
04.06.2015;6,5873
05.06.2015;6,5291
08.06.2015;6,5408
09.06.2015;6,4409
10.06.2015;6,4171
11.06.2015;6,5467
12.06.2015;6,5699
15.06.2015;6,5042
16.06.2015;6,4340
17.06.2015;6,4713
18.06.2015;6,4321
22.06.2015;6,5440
23.06.2015;6,6202
24.06.2015;6,6413
25.06.2015;6,6194
26.06.2015;6,6063
29.06.2015;6,6369
30.06.2015;6,4890
01.07.2015;6,5215
02.07.2015;6,6168
03.07.2015;6,5882
06.07.2015;6,5576
07.07.2015;6,5762
08.07.2015;6,5722
09.07.2015;6,5304
10.07.2015;6,5436
13.07.2015;6,6268
14.07.2015;6,7382
15.07.2015;6,7532
16.07.2015;6,8270
17.07.2015;6,8838
20.07.2015;6,9761
21.07.2015;7,0098
22.07.2015;6,9314
23.07.2015;6,8993
24.07.2015;6,8835
27.07.2015;6,7232
28.07.2015;6,7166
29.07.2015;6,7540
30.07.2015;6,8590
31.07.2015;6,8941
03.08.2015;6,9007
04.08.2015;6,8997
05.08.2015;7,0001
06.08.2015;7,0139
07.08.2015;6,9485
10.08.2015;6,9561
11.08.2015;6,9344
12.08.2015;6,7953
13.08.2015;6,7895
14.08.2015;6,7901
17.08.2015;6,8291
18.08.2015;6,8403
19.08.2015;6,8280
20.08.2015;6,7597
21.08.2015;6,5571
24.08.2015;6,2162
25.08.2015;6,0504
26.08.2015;6,0189
27.08.2015;6,2889
28.08.2015;6,3778
31.08.2015;6,4247
01.09.2015;6,2733
02.09.2015;6,1969
03.09.2015;6,3119
04.09.2015;6,3291
07.09.2015;6,2627
08.09.2015;6,2578
09.09.2015;6,3948
10.09.2015;6,3050
11.09.2015;6,2518
14.09.2015;6,2673
15.09.2015;6,2524
16.09.2015;6,3690
17.09.2015;6,3761
18.09.2015;6,3312
21.09.2015;6,3029
22.09.2015;6,3899
23.09.2015;6,3395
24.09.2015;6,2656
25.09.2015;6,3090
28.09.2015;6,3198
29.09.2015;6,1493
30.09.2015;6,2167
01.10.2015;6,3732
02.10.2015;6,3447
05.10.2015;6,4157
06.10.2015;6,5181
07.10.2015;6,5397
08.10.2015;6,4772
09.10.2015;6,5178
12.10.2015;6,5307
13.10.2015;6,5232
14.10.2015;6,4834
15.10.2015;6,4635
16.10.2015;6,5410
19.10.2015;6,6040
20.10.2015;6,6216
21.10.2015;6,5848
22.10.2015;6,6034
23.10.2015;6,8721
26.10.2015;7,0201
27.10.2015;7,0213
28.10.2015;7,0056
29.10.2015;7,0433
30.10.2015;6,9902
02.11.2015;6,9314
03.11.2015;6,9751
04.11.2015;7,0316
05.11.2015;7,0444
06.11.2015;7,0698
09.11.2015;7,1146
10.11.2015;7,0618
11.11.2015;7,0750
12.11.2015;7,0861
13.11.2015;6,9747
16.11.2015;6,8765
17.11.2015;7,0183
18.11.2015;6,9886
19.11.2015;7,0751
20.11.2015;7,1010
23.11.2015;7,1421
24.11.2015;7,1157
25.11.2015;7,1194
26.11.2015;7,1778
27.11.2015;7,1674
30.11.2015;7,1929
01.12.2015;7,1540
02.12.2015;7,1933
03.12.2015;7,2015
04.12.2015;6,9155
07.12.2015;7,0849
08.12.2015;7,0356
09.12.2015;6,9652
10.12.2015;6,8628
11.12.2015;6,8725
14.12.2015;6,7890
15.12.2015;6,7692
16.12.2015;6,8466
17.12.2015;7,0029
18.12.2015;6,9223
21.12.2015;6,8169
22.12.2015;6,7977
23.12.2015;6,8591
28.12.2015;6,8648
29.12.2015;6,8748
30.12.2015;6,9514
31.12.2015;6,9260
04.01.2016;6,8016
05.01.2016;6,7698
07.01.2016;6,6054
08.01.2016;6,5085
11.01.2016;6,4523
12.01.2016;6,4700
13.01.2016;6,5747
14.01.2016;6,3914
15.01.2016;6,4409
18.01.2016;6,3545
19.01.2016;6,3934
20.01.2016;6,3559
21.01.2016;6,3483
22.01.2016;6,4827
25.01.2016;6,5523
26.01.2016;6,4742
27.01.2016;6,5508
28.01.2016;6,4850
29.01.2016;6,5149
01.02.2016;6,6576
02.02.2016;6,6188
03.02.2016;6,5745
04.02.2016;6,4277
05.02.2016;6,3619
08.02.2016;6,2964
09.02.2016;6,2340
10.02.2016;6,2007
11.02.2016;6,1350
12.02.2016;6,1081
15.02.2016;6,2717
16.02.2016;6,3055
17.02.2016;6,3710
18.02.2016;6,4614
19.02.2016;6,4658
22.02.2016;6,4739
23.02.2016;6,5202
24.02.2016;6,4527
25.02.2016;6,4476
26.02.2016;6,5550
29.02.2016;6,5202
01.03.2016;6,5821
02.03.2016;6,7111
03.03.2016;6,6875
04.03.2016;6,6938
07.03.2016;6,7348
08.03.2016;6,6640
09.03.2016;6,7322
10.03.2016;6,7222
11.03.2016;6,6478
14.03.2016;6,7283
15.03.2016;6,7122
16.03.2016;6,7239
17.03.2016;6,6475
18.03.2016;6,6830
21.03.2016;6,6847
22.03.2016;6,6986
23.03.2016;6,7185
24.03.2016;6,7041
29.03.2016;6,6817
30.03.2016;6,6915
31.03.2016;6,7160
01.04.2016;6,6336
04.04.2016;6,6785
05.04.2016;6,6611
06.04.2016;6,6309
07.04.2016;6,6592
08.04.2016;6,6234
11.04.2016;6,6312
12.04.2016;6,5695
13.04.2016;6,6948
14.04.2016;6,7582
15.04.2016;6,7656
18.04.2016;6,7462
19.04.2016;6,8164
20.04.2016;6,7964
21.04.2016;6,7935
22.04.2016;6,7174
25.04.2016;6,6851
26.04.2016;6,7100
27.04.2016;6,6358
28.04.2016;6,6232
29.04.2016;6,5673
02.05.2016;6,5029
03.05.2016;6,4668
04.05.2016;6,4943
06.05.2016;6,5008
09.05.2016;6,5550
10.05.2016;6,5874
11.05.2016;6,6197
12.05.2016;6,5234
13.05.2016;6,5554
16.05.2016;6,5295
17.05.2016;6,5801
18.05.2016;6,5045
19.05.2016;6,4870
20.05.2016;6,4985
23.05.2016;6,4770
24.05.2016;6,4980
25.05.2016;6,6175
26.05.2016;6,6218
27.05.2016;6,6278
30.05.2016;6,6718
31.05.2016;6,6732
01.06.2016;6,6351
02.06.2016;6,5995
03.06.2016;6,6444
06.06.2016;6,5481
07.06.2016;6,5704
08.06.2016;6,5817
09.06.2016;6,5798
10.06.2016;6,6090
13.06.2016;6,5688
14.06.2016;6,5044
15.06.2016;6,5206
16.06.2016;6,4756
17.06.2016;6,5287
20.06.2016;6,4866
21.06.2016;6,5290
22.06.2016;6,5798
23.06.2016;6,5562
27.06.2016;6,4640
28.06.2016;6,3900
29.06.2016;6,4628
30.06.2016;6,5372
01.07.2016;6,6378
04.07.2016;6,6653
05.07.2016;6,6290
06.07.2016;6,6510
07.07.2016;6,6806
08.07.2016;6,6681
11.07.2016;6,7745
12.07.2016;6,7840
13.07.2016;6,8367
14.07.2016;6,8419
15.07.2016;6,8574
18.07.2016;6,9023
19.07.2016;6,8923
20.07.2016;6,9455
21.07.2016;6,9426
22.07.2016;6,9491
25.07.2016;7,0228
26.07.2016;6,9900
27.07.2016;6,9722
28.07.2016;6,8955
29.07.2016;6,9110
01.08.2016;6,9236
02.08.2016;6,8977
03.08.2016;6,8371
04.08.2016;6,8734
05.08.2016;6,9036
08.08.2016;6,9787
09.08.2016;6,9787
10.08.2016;6,9621
11.08.2016;6,9679
12.08.2016;7,0238
15.08.2016;7,0301
16.08.2016;6,9723
17.08.2016;6,9294
18.08.2016;6,9175
19.08.2016;6,9025
22.08.2016;6,9246
23.08.2016;6,8718
24.08.2016;6,9013
25.08.2016;6,8877
26.08.2016;6,8927
29.08.2016;6,9425
30.08.2016;6,9863
31.08.2016;6,9855
01.09.2016;6,9904
02.09.2016;6,9645
05.09.2016;7,0246
06.09.2016;7,0178
07.09.2016;6,9922
08.09.2016;6,9642
09.09.2016;6,9018
12.09.2016;6,7619
13.09.2016;6,8830
14.09.2016;6,8110
15.09.2016;6,8175
16.09.2016;6,8727
19.09.2016;6,9037
20.09.2016;6,9031
21.09.2016;6,9494
22.09.2016;6,9494
23.09.2016;7,0221
26.09.2016;6,9529
27.09.2016;6,9071
28.09.2016;6,9714
29.09.2016;6,9490
30.09.2016;6,8872
03.10.2016;6,9430
04.10.2016;6,9565
05.10.2016;6,9127
06.10.2016;6,9196
07.10.2016;6,9372
10.10.2016;6,8957
11.10.2016;6,9718
12.10.2016;6,9770
13.10.2016;6,9836
14.10.2016;6,9993
17.10.2016;7,0213
18.10.2016;6,9718
19.10.2016;6,9881
20.10.2016;7,0140
21.10.2016;7,0316
24.10.2016;7,0746
25.10.2016;7,1052
26.10.2016;7,0915
27.10.2016;7,0946
28.10.2016;7,0468
31.10.2016;7,0419
01.11.2016;7,0103
02.11.2016;6,9141
03.11.2016;6,8839
04.11.2016;6,8474
07.11.2016;6,8622
08.11.2016;6,9630
09.11.2016;6,9470
10.11.2016;7,0235
11.11.2016;6,9294
14.11.2016;7,0145
15.11.2016;6,9466
16.11.2016;7,0432
17.11.2016;7,0483
18.11.2016;7,1422
21.11.2016;7,0912
22.11.2016;7,1482
23.11.2016;7,1783
24.11.2016;7,1798
25.11.2016;7,1644
28.11.2016;7,1597
29.11.2016;7,1987
30.11.2016;7,1815
01.12.2016;7,1312
02.12.2016;7,0380
05.12.2016;7,1147
07.12.2016;7,0941
08.12.2016;7,1662
09.12.2016;7,2715
12.12.2016;7,3659
13.12.2016;7,3666
14.12.2016;7,3878
15.12.2016;7,4005
16.12.2016;7,4585
19.12.2016;7,4400
20.12.2016;7,5001
21.12.2016;7,5076
22.12.2016;7,4737
23.12.2016;7,4703
27.12.2016;7,4689
28.12.2016;7,4832
29.12.2016;7,4488
30.12.2016;7,4099
02.01.2017;7,4025
03.01.2017;7,4514
04.01.2017;7,4474
05.01.2017;7,4191
09.01.2017;7,4618
10.01.2017;7,4249
11.01.2017;7,4366
12.01.2017;7,4493
13.01.2017;7,4635
16.01.2017;7,4983
17.01.2017;7,4469
18.01.2017;7,4541
19.01.2017;7,4868
20.01.2017;7,4648
23.01.2017;7,4494
24.01.2017;7,4369
25.01.2017;7,5041
26.01.2017;7,5118
27.01.2017;7,5332
30.01.2017;7,4912
31.01.2017;7,4940
01.02.2017;7,4293
02.02.2017;7,4245
03.02.2017;7,4788
06.02.2017;7,4978
07.02.2017;7,5320
08.02.2017;7,5543
09.02.2017;7,5896
10.02.2017;7,6696
13.02.2017;7,6709
14.02.2017;7,7099
15.02.2017;7,7627
16.02.2017;7,7448
17.02.2017;7,7161
20.02.2017;7,7894
21.02.2017;7,8127
22.02.2017;7,9136
23.02.2017;7,8979
24.02.2017;7,8898
27.02.2017;7,8907
28.02.2017;7,8601
01.03.2017;7,9236
02.03.2017;7,9889
03.03.2017;7,9615
06.03.2017;7,8862
07.03.2017;7,9052
08.03.2017;7,9098
09.03.2017;7,8980
10.03.2017;7,8734
13.03.2017;7,8590
14.03.2017;7,8856
15.03.2017;7,8849
16.03.2017;7,8859
17.03.2017;7,8495
20.03.2017;7,8642
21.03.2017;7,8605
22.03.2017;7,8061
23.03.2017;7,8157
24.03.2017;7,8126
27.03.2017;7,7684
28.03.2017;7,7826
29.03.2017;7,8644
30.03.2017;7,9041
31.03.2017;7,9160
03.04.2017;7,9452
04.04.2017;7,9391
05.04.2017;7,9309
06.04.2017;7,9336
07.04.2017;7,9519
10.04.2017;7,9810
11.04.2017;7,9938
12.04.2017;7,9866
13.04.2017;7,9728
18.04.2017;7,9686
19.04.2017;7,9086
20.04.2017;7,8909
21.04.2017;7,9150
24.04.2017;7,8679
25.04.2017;7,9047
26.04.2017;7,9815
27.04.2017;7,9706
28.04.2017;7,9870
02.05.2017;7,9908
03.05.2017;7,9862
04.05.2017;7,9980
05.05.2017;7,9901
08.05.2017;8,0484
09.05.2017;8,0865
10.05.2017;8,0970
11.05.2017;8,1199
12.05.2017;8,1194
15.05.2017;8,0994
16.05.2017;8,0728
17.05.2017;8,0372
18.05.2017;7,9360
19.05.2017;7,9541
22.05.2017;7,9842
23.05.2017;7,9859
24.05.2017;8,0307
26.05.2017;8,0456
29.05.2017;8,0677
30.05.2017;8,0869
31.05.2017;8,0771
01.06.2017;8,0421
02.06.2017;8,1160
05.06.2017;8,1235
06.06.2017;8,1231
07.06.2017;8,0848
08.06.2017;8,0859
09.06.2017;8,0808
12.06.2017;8,0004
13.06.2017;7,9493
14.06.2017;8,0119
15.06.2017;7,9943
16.06.2017;8,0039
19.06.2017;8,0045
20.06.2017;8,0952
21.06.2017;8,0600
22.06.2017;8,0510
26.06.2017;8,0917
27.06.2017;8,0724
28.06.2017;7,9053
29.06.2017;7,9136
30.06.2017;7,8276
03.07.2017;7,8533
04.07.2017;7,8535
05.07.2017;7,8348
06.07.2017;7,8398
07.07.2017;7,7514
10.07.2017;7,8043
11.07.2017;7,8190
12.07.2017;7,7874
13.07.2017;7,8787
14.07.2017;7,9036
17.07.2017;7,9136
18.07.2017;7,8805
19.07.2017;7,8930
20.07.2017;7,9398
21.07.2017;7,8720
24.07.2017;7,8455
25.07.2017;7,8240
26.07.2017;7,8802
27.07.2017;7,8365
28.07.2017;7,8026
31.07.2017;7,7711
01.08.2017;7,7112
02.08.2017;7,7228
03.08.2017;7,7485
04.08.2017;7,7287
07.08.2017;7,7971
08.08.2017;7,8154
09.08.2017;7,8439
10.08.2017;7,8447
11.08.2017;7,7486
14.08.2017;7,7458
15.08.2017;7,8325
16.08.2017;7,8669
17.08.2017;7,8673
18.08.2017;7,7919
21.08.2017;7,7556
22.08.2017;7,7477
23.08.2017;7,7964
24.08.2017;7,7778
25.08.2017;7,7574
28.08.2017;7,6776
29.08.2017;7,6100
30.08.2017;7,6677
31.08.2017;7,7108
01.09.2017;7,7577
04.09.2017;7,7428
05.09.2017;7,7659
06.09.2017;7,7080
07.09.2017;7,7203
08.09.2017;7,7048
11.09.2017;7,6909
12.09.2017;7,7824
13.09.2017;7,7503
14.09.2017;7,7943
15.09.2017;7,7726
18.09.2017;7,7804
19.09.2017;7,7268
20.09.2017;7,7415
21.09.2017;7,7710
22.09.2017;7,7036
25.09.2017;7,7199
26.09.2017;7,7485
27.09.2017;7,7788
28.09.2017;7,7566
29.09.2017;7,7670
02.10.2017;7,8212
03.10.2017;7,8572
04.10.2017;7,8719
05.10.2017;7,8882
06.10.2017;7,9528
09.10.2017;7,9619
10.10.2017;7,9480
11.10.2017;7,9403
12.10.2017;7,9626
13.10.2017;7,9951
16.10.2017;8,0395
17.10.2017;8,0563
18.10.2017;8,0522
19.10.2017;7,9966
20.10.2017;7,9631
23.10.2017;7,9820
24.10.2017;7,9335
25.10.2017;7,9503
26.10.2017;7,9189
27.10.2017;8,0997
30.10.2017;8,1349
31.10.2017;8,1263
01.11.2017;8,1699
02.11.2017;8,1757
03.11.2017;8,1849
06.11.2017;8,2380
07.11.2017;8,2637
08.11.2017;8,2549
09.11.2017;8,2589
10.11.2017;8,1657
13.11.2017;8,1772
14.11.2017;8,1499
15.11.2017;8,0679
16.11.2017;8,0610
17.11.2017;8,0910
20.11.2017;8,0681
21.11.2017;8,0964
22.11.2017;8,1421
23.11.2017;8,0936
24.11.2017;8,0948
27.11.2017;8,0601
28.11.2017;8,0836
29.11.2017;8,1337
30.11.2017;8,1013
01.12.2017;8,0794
04.12.2017;8,1319
05.12.2017;8,1577
07.12.2017;8,2322
08.12.2017;8,2454
11.12.2017;8,2353
12.12.2017;8,2607
13.12.2017;8,2927
14.12.2017;8,2660
15.12.2017;8,2472
18.12.2017;8,3147
19.12.2017;8,3400
20.12.2017;8,2938
21.12.2017;8,2274
22.12.2017;8,2781
27.12.2017;8,2663
28.12.2017;8,2247
29.12.2017;8,2110
02.01.2018;8,1297
03.01.2018;8,1732
04.01.2018;8,1842
05.01.2018;8,2093
08.01.2018;8,2978
09.01.2018;8,3227
10.01.2018;8,3130
11.01.2018;8,2742
12.01.2018;8,1823
15.01.2018;8,1513
16.01.2018;8,1506
17.01.2018;8,1265
18.01.2018;8,2059
19.01.2018;8,1778
22.01.2018;8,2611
23.01.2018;8,3144
24.01.2018;8,2521
25.01.2018;8,2142
26.01.2018;8,1575
29.01.2018;8,1953
30.01.2018;8,1666
31.01.2018;8,0681
01.02.2018;8,0368
02.02.2018;8,0436
05.02.2018;7,8996
06.02.2018;7,6542
07.02.2018;7,7557
08.02.2018;7,7885
09.02.2018;7,5745
12.02.2018;7,6516
13.02.2018;7,6965
14.02.2018;7,6813
15.02.2018;7,6595
16.02.2018;7,7328
19.02.2018;7,7867
20.02.2018;7,8008
21.02.2018;7,7730
22.02.2018;7,7589
23.02.2018;7,7829
26.02.2018;7,8755
27.02.2018;7,9248
28.02.2018;7,8720
01.03.2018;7,8106
02.03.2018;7,6844
05.03.2018;7,6676
06.03.2018;7,7405
07.03.2018;7,6899
08.03.2018;7,6967
09.03.2018;7,8180
12.03.2018;7,9339
13.03.2018;7,9288
14.03.2018;7,8421
15.03.2018;7,8194
16.03.2018;7,8449
19.03.2018;7,8234
20.03.2018;7,7339
21.03.2018;7,7786
22.03.2018;7,6875
23.03.2018;7,5627
26.03.2018;7,4959
27.03.2018;7,5612
28.03.2018;7,5335
29.03.2018;7,6495
03.04.2018;7,5944
04.04.2018;7,6918
05.04.2018;7,8085
06.04.2018;7,8797
09.04.2018;7,7701
10.04.2018;7,7677
11.04.2018;7,7905
12.04.2018;7,7654
13.04.2018;7,8236
16.04.2018;7,8381
17.04.2018;7,8361
18.04.2018;7,9084
19.04.2018;7,8607
20.04.2018;7,8234
23.04.2018;7,7887
24.04.2018;7,8435
25.04.2018;7,8218
26.04.2018;7,8188
27.04.2018;7,9045
30.04.2018;7,9038
02.05.2018;7,9624
03.05.2018;7,8883
04.05.2018;7,9249
07.05.2018;8,0556
08.05.2018;8,1054
09.05.2018;8,1302
11.05.2018;8,1923
14.05.2018;8,1709
15.05.2018;8,1448
16.05.2018;8,1559
17.05.2018;8,2305
18.05.2018;8,2534
21.05.2018;8,2871
22.05.2018;8,2748
23.05.2018;8,2978
24.05.2018;8,3926
25.05.2018;8,4214
28.05.2018;8,4477
29.05.2018;8,4867
30.05.2018;8,4176
31.05.2018;8,4330
01.06.2018;8,3976
04.06.2018;8,4490
05.06.2018;8,5036
06.06.2018;8,4566
07.06.2018;8,4661
08.06.2018;8,4721
11.06.2018;8,5099
12.06.2018;8,5425
13.06.2018;8,5946
14.06.2018;8,5092
15.06.2018;8,6780
18.06.2018;8,6908
19.06.2018;8,6237
20.06.2018;8,6116
21.06.2018;8,6019
25.06.2018;8,5429
26.06.2018;8,4445
27.06.2018;8,4483
28.06.2018;8,4841
29.06.2018;8,4528
02.07.2018;8,4878
03.07.2018;8,4901
04.07.2018;8,4670
05.07.2018;8,4415
06.07.2018;8,5070
09.07.2018;8,5239
10.07.2018;8,5665
11.07.2018;8,5777
12.07.2018;8,5729
13.07.2018;8,6570
16.07.2018;8,6377
17.07.2018;8,6058
18.07.2018;8,7327
19.07.2018;8,6930
20.07.2018;8,6713
23.07.2018;8,5958
24.07.2018;8,6118
25.07.2018;8,6836
26.07.2018;8,7617
27.07.2018;8,8036
30.07.2018;8,7437
31.07.2018;8,6733
01.08.2018;8,7096
02.08.2018;8,7387
03.08.2018;8,8378
06.08.2018;8,8977
07.08.2018;8,9131
08.08.2018;8,9026
09.08.2018;8,9107
10.08.2018;8,9809
13.08.2018;8,9665
14.08.2018;8,9421
15.08.2018;9,0137
16.08.2018;8,9239
17.08.2018;8,9542
20.08.2018;8,9868
21.08.2018;8,9604
22.08.2018;8,9256
23.08.2018;8,9033
24.08.2018;8,8867
27.08.2018;8,9026
28.08.2018;8,9043
29.08.2018;8,9197
30.08.2018;8,9190
31.08.2018;8,8633
03.09.2018;8,8691
04.09.2018;8,8917
05.09.2018;8,8065
06.09.2018;8,7432
07.09.2018;8,7348
10.09.2018;8,7621
11.09.2018;8,7500
12.09.2018;8,8147
13.09.2018;8,8366
14.09.2018;8,8180
17.09.2018;8,8466
18.09.2018;8,8345
19.09.2018;8,8026
20.09.2018;8,7994
21.09.2018;8,8750
24.09.2018;8,8794
25.09.2018;8,8056
26.09.2018;8,8178
27.09.2018;8,8949
28.09.2018;8,9681
01.10.2018;8,9962
02.10.2018;9,0287
03.10.2018;8,9854
04.10.2018;8,9720
05.10.2018;8,8495
