08.02.2002;15,6700
11.02.2002;15,8900
12.02.2002;16,0700
13.02.2002;16,2800
14.02.2002;16,5200
15.02.2002;16,5600
18.02.2002;16,3800
19.02.2002;16,2200
20.02.2002;16,0700
21.02.2002;16,1900
22.02.2002;16,0400
25.02.2002;16,1700
26.02.2002;16,3000
27.02.2002;16,4600
28.02.2002;16,4400
01.03.2002;16,5400
04.03.2002;16,9100
05.03.2002;16,9100
06.03.2002;16,9600
07.03.2002;17,1500
08.03.2002;17,2800
11.03.2002;17,2300
12.03.2002;17,0200
13.03.2002;17,0600
14.03.2002;16,9300
15.03.2002;16,8500
18.03.2002;17,0100
19.03.2002;16,9100
20.03.2002;16,8900
21.03.2002;17,0200
22.03.2002;17,0800
25.03.2002;17,0700
26.03.2002;17,0100
27.03.2002;17,0500
02.04.2002;17,1400
03.04.2002;17,1700
04.04.2002;17,0400
05.04.2002;17,0900
08.04.2002;16,9300
09.04.2002;17,0500
10.04.2002;17,0100
11.04.2002;16,9000
12.04.2002;16,9000
15.04.2002;16,9600
16.04.2002;17,2400
17.04.2002;17,3600
18.04.2002;17,0700
19.04.2002;16,9100
22.04.2002;16,6800
23.04.2002;16,5000
24.04.2002;16,3100
25.04.2002;16,1400
26.04.2002;16,4000
29.04.2002;16,3700
30.04.2002;16,2900
02.05.2002;16,5100
03.05.2002;16,2300
06.05.2002;16,1100
07.05.2002;16,0900
08.05.2002;16,4700
10.05.2002;16,3100
13.05.2002;16,3800
14.05.2002;16,6200
15.05.2002;16,6800
16.05.2002;16,5700
17.05.2002;16,5500
20.05.2002;16,4400
21.05.2002;16,3000
22.05.2002;16,0400
23.05.2002;16,1000
24.05.2002;16,1300
27.05.2002;16,0400
28.05.2002;16,0600
29.05.2002;15,9200
30.05.2002;15,7800
31.05.2002;15,9000
03.06.2002;15,8100
04.06.2002;15,5412
05.06.2002;15,7066
06.06.2002;15,6446
07.06.2002;15,2827
10.06.2002;15,3861
11.06.2002;15,6032
12.06.2002;15,3137
13.06.2002;15,2620
14.06.2002;15,0448
17.06.2002;15,3033
18.06.2002;15,4171
19.06.2002;15,0862
20.06.2002;14,7450
24.06.2002;14,4141
25.06.2002;14,5485
26.06.2002;14,3314
27.06.2002;14,6105
28.06.2002;14,9414
01.07.2002;15,0759
02.07.2002;14,8484
03.07.2002;14,5692
04.07.2002;14,7346
05.07.2002;14,9828
08.07.2002;14,9931
09.07.2002;14,9001
10.07.2002;14,7036
11.07.2002;14,4968
12.07.2002;14,4244
15.07.2002;14,1452
16.07.2002;13,8350
17.07.2002;14,1039
18.07.2002;14,0315
19.07.2002;13,6386
22.07.2002;13,3697
23.07.2002;12,9148
24.07.2002;12,2530
25.07.2002;12,4598
26.07.2002;12,4184
29.07.2002;12,9251
30.07.2002;13,0699
31.07.2002;13,0182
01.08.2002;12,8527
02.08.2002;12,4598
05.08.2002;11,9945
06.08.2002;12,2427
07.08.2002;12,2944
08.08.2002;12,4184
09.08.2002;12,5322
12.08.2002;12,5115
13.08.2002;12,4288
14.08.2002;12,3461
15.08.2002;12,5736
16.08.2002;12,5942
19.08.2002;12,8010
20.08.2002;12,9148
21.08.2002;13,1733
22.08.2002;13,5869
23.08.2002;13,5248
26.08.2002;13,3697
27.08.2002;13,5455
28.08.2002;13,3387
29.08.2002;13,1216
30.08.2002;13,1009
02.09.2002;13,0595
03.09.2002;12,5736
04.09.2002;12,5529
05.09.2002;12,6563
06.09.2002;12,8838
09.09.2002;12,8734
10.09.2002;13,0285
11.09.2002;13,3077
12.09.2002;13,1112
13.09.2002;13,0182
16.09.2002;12,9665
17.09.2002;12,9561
18.09.2002;12,5115
19.09.2002;12,4184
20.09.2002;12,2944
23.09.2002;12,0772
24.09.2002;11,6740
25.09.2002;11,7877
26.09.2002;12,1186
27.09.2002;12,1910
30.09.2002;11,7153
01.10.2002;11,7774
02.10.2002;11,9014
03.10.2002;11,7257
04.10.2002;11,6740
07.10.2002;11,4155
08.10.2002;11,2810
09.10.2002;11,3327
10.10.2002;11,4051
11.10.2002;11,8601
14.10.2002;11,7980
15.10.2002;12,3667
16.10.2002;12,2840
17.10.2002;12,6873
18.10.2002;12,7597
21.10.2002;12,6976
22.10.2002;12,8424
23.10.2002;12,6253
24.10.2002;12,9251
25.10.2002;12,7597
28.10.2002;12,8838
29.10.2002;12,3771
30.10.2002;12,5115
31.10.2002;12,8114
01.11.2002;12,6253
04.11.2002;13,0389
05.11.2002;13,0492
06.11.2002;13,0699
07.11.2002;12,9665
08.11.2002;12,8838
11.11.2002;12,6770
12.11.2002;12,7804
13.11.2002;12,8114
14.11.2002;13,0906
15.11.2002;13,1319
18.11.2002;13,2767
19.11.2002;13,1423
20.11.2002;13,2043
21.11.2002;13,6386
22.11.2002;13,6903
25.11.2002;13,8971
26.11.2002;13,6799
27.11.2002;14,0522
28.11.2002;14,2900
29.11.2002;14,3107
02.12.2002;14,4244
03.12.2002;13,9798
04.12.2002;13,8971
05.12.2002;13,9798
09.12.2002;13,6903
10.12.2002;13,5455
11.12.2002;13,6386
12.12.2002;13,5248
13.12.2002;13,3387
16.12.2002;13,4525
17.12.2002;13,4111
18.12.2002;13,5765
19.12.2002;13,4318
20.12.2002;13,3491
23.12.2002;13,3594
27.12.2002;13,1836
30.12.2002;13,3284
02.01.2003;13,7833
03.01.2003;13,8971
07.01.2003;13,8144
08.01.2003;13,5455
09.01.2003;13,6179
10.01.2003;13,6696
13.01.2003;13,8661
14.01.2003;14,0005
15.01.2003;13,8661
16.01.2003;13,8454
17.01.2003;13,6903
20.01.2003;13,7627
21.01.2003;13,6799
22.01.2003;13,5869
23.01.2003;13,4525
24.01.2003;13,4318
27.01.2003;13,0802
28.01.2003;12,8941
29.01.2003;12,7493
30.01.2003;12,6356
31.01.2003;12,5219
03.02.2003;12,7287
04.02.2003;12,5839
05.02.2003;12,5632
06.02.2003;12,4805
07.02.2003;12,4288
10.02.2003;12,4184
11.02.2003;12,5632
12.02.2003;12,4805
13.02.2003;12,3150
14.02.2003;12,4391
17.02.2003;12,6976
18.02.2003;12,7700
19.02.2003;12,5632
20.02.2003;12,3047
21.02.2003;12,2116
24.02.2003;12,3254
25.02.2003;11,9842
26.02.2003;11,9118
27.02.2003;11,9014
28.02.2003;12,0669
03.03.2003;12,0255
04.03.2003;11,8704
05.03.2003;11,7670
06.03.2003;11,7050
07.03.2003;11,4258
10.03.2003;11,3741
11.03.2003;11,4051
12.03.2003;11,4155
13.03.2003;11,5912
14.03.2003;11,9945
17.03.2003;12,2013
18.03.2003;12,5115
19.03.2003;12,5839
20.03.2003;12,4805
21.03.2003;12,8527
24.03.2003;12,5219
25.03.2003;12,4184
26.03.2003;12,4288
27.03.2003;12,3047
28.03.2003;12,2323
31.03.2003;11,7670
01.04.2003;12,0048
02.04.2003;12,4184
03.04.2003;12,5529
04.04.2003;12,4081
07.04.2003;12,7183
08.04.2003;12,5219
09.04.2003;12,5322
10.04.2003;12,4495
11.04.2003;12,5425
14.04.2003;12,5219
15.04.2003;12,7183
16.04.2003;12,7597
17.04.2003;12,8734
22.04.2003;12,9044
23.04.2003;13,1526
24.04.2003;13,1423
25.04.2003;12,9872
28.04.2003;13,1423
29.04.2003;13,2250
30.04.2003;13,3077
02.05.2003;13,2353
05.05.2003;13,3594
06.05.2003;13,4421
07.05.2003;13,3491
08.05.2003;13,2146
09.05.2003;13,1423
12.05.2003;13,1629
13.05.2003;13,2457
14.05.2003;13,1940
15.05.2003;13,2767
16.05.2003;13,2560
19.05.2003;13,1009
20.05.2003;13,0078
21.05.2003;12,8321
22.05.2003;12,9044
23.05.2003;12,8217
26.05.2003;12,7907
27.05.2003;12,8114
28.05.2003;13,0699
30.05.2003;13,0906
02.06.2003;13,2457
03.06.2003;13,1920
04.06.2003;13,3208
05.06.2003;13,3101
06.06.2003;13,5569
09.06.2003;13,4496
10.06.2003;13,4711
11.06.2003;13,5999
12.06.2003;13,5677
13.06.2003;13,5140
16.06.2003;13,4925
17.06.2003;13,6643
18.06.2003;13,6965
19.06.2003;13,6750
23.06.2003;13,5677
24.06.2003;13,1920
25.06.2003;13,2671
26.06.2003;13,2993
27.06.2003;13,5784
30.06.2003;13,4603
01.07.2003;13,2457
02.07.2003;13,4389
03.07.2003;13,5033
04.07.2003;13,6535
07.07.2003;14,0936
08.07.2003;14,1795
09.07.2003;14,1151
10.07.2003;14,0507
11.07.2003;14,0722
14.07.2003;14,3405
15.07.2003;14,3190
16.07.2003;14,3190
17.07.2003;13,9756
18.07.2003;14,0829
21.07.2003;13,9756
22.07.2003;13,8253
23.07.2003;13,8360
24.07.2003;14,0185
25.07.2003;14,0400
28.07.2003;14,1258
29.07.2003;14,0936
30.07.2003;14,1258
31.07.2003;14,1902
01.08.2003;14,1366
04.08.2003;14,0722
05.08.2003;14,1044
06.08.2003;13,8790
07.08.2003;13,7824
08.08.2003;13,8897
11.08.2003;13,9756
12.08.2003;14,1366
13.08.2003;14,1795
14.08.2003;14,3405
15.08.2003;14,3727
18.08.2003;14,5015
19.08.2003;14,7699
20.08.2003;14,8450
21.08.2003;15,1670
22.08.2003;15,2314
25.08.2003;15,1134
26.08.2003;14,8021
27.08.2003;15,0275
28.08.2003;15,0597
29.08.2003;15,1456
01.09.2003;15,3602
02.09.2003;15,4461
03.09.2003;15,7789
04.09.2003;15,7145
05.09.2003;15,5857
08.09.2003;15,7681
09.09.2003;15,5642
10.09.2003;15,1778
11.09.2003;15,3173
12.09.2003;15,3602
15.09.2003;15,3280
16.09.2003;15,4139
17.09.2003;15,4354
18.09.2003;15,3388
19.09.2003;15,3388
22.09.2003;15,0275
23.09.2003;15,1348
24.09.2003;15,1992
25.09.2003;14,8450
26.09.2003;14,8772
29.09.2003;14,9846
30.09.2003;14,7591
01.10.2003;14,7484
02.10.2003;14,7913
03.10.2003;15,1026
06.10.2003;15,0919
07.10.2003;15,0275
08.10.2003;15,1348
09.10.2003;15,4032
10.10.2003;15,3066
13.10.2003;15,4568
14.10.2003;15,4461
15.10.2003;15,7145
16.10.2003;15,5749
17.10.2003;15,7145
20.10.2003;15,6286
21.10.2003;15,7145
22.10.2003;15,5642
23.10.2003;15,6286
24.10.2003;15,6393
27.10.2003;15,6608
28.10.2003;15,9935
29.10.2003;16,0687
30.10.2003;16,1975
31.10.2003;16,1975
03.11.2003;16,4229
04.11.2003;16,3800
05.11.2003;16,2082
06.11.2003;16,4122
07.11.2003;16,5839
10.11.2003;16,5946
11.11.2003;16,4444
12.11.2003;16,5517
13.11.2003;16,6912
14.11.2003;16,7449
17.11.2003;16,4336
18.11.2003;16,3692
19.11.2003;16,3156
20.11.2003;16,3585
21.11.2003;16,4336
24.11.2003;16,6805
25.11.2003;16,6590
26.11.2003;16,6054
27.11.2003;16,7234
28.11.2003;16,6483
01.12.2003;16,7234
02.12.2003;16,7449
03.12.2003;16,7879
04.12.2003;16,7771
05.12.2003;16,7879
08.12.2003;16,7664
09.12.2003;16,8093
10.12.2003;16,7664
11.12.2003;16,6912
12.12.2003;16,7556
15.12.2003;16,7020
16.12.2003;16,4229
17.12.2003;16,3048
18.12.2003;16,2297
19.12.2003;16,2190
22.12.2003;16,1116
23.12.2003;16,3156
29.12.2003;16,3800
30.12.2003;16,4122
02.01.2004;16,7664
05.01.2004;16,9381
07.01.2004;16,8845
08.01.2004;17,0884
09.01.2004;16,9596
12.01.2004;16,9918
13.01.2004;16,8845
14.01.2004;17,0133
15.01.2004;17,1313
16.01.2004;17,3245
19.01.2004;17,4426
20.01.2004;17,1850
21.01.2004;16,9703
22.01.2004;17,1957
23.01.2004;17,1850
26.01.2004;17,1957
27.01.2004;17,2923
28.01.2004;17,1957
29.01.2004;17,0562
30.01.2004;16,9811
02.02.2004;16,9489
03.02.2004;16,9381
04.02.2004;16,9381
05.02.2004;16,9918
06.02.2004;17,0133
09.02.2004;17,2172
10.02.2004;17,3890
11.02.2004;17,2816
12.02.2004;17,4426
13.02.2004;17,3567
16.02.2004;17,3890
17.02.2004;17,5070
18.02.2004;17,5500
19.02.2004;17,8290
20.02.2004;17,7539
23.02.2004;17,9042
24.02.2004;17,7861
25.02.2004;17,7217
26.02.2004;17,7432
27.02.2004;17,7646
01.03.2004;17,9471
02.03.2004;18,1189
03.03.2004;18,2047
04.03.2004;18,2906
05.03.2004;18,2691
08.03.2004;18,4087
09.03.2004;18,2262
10.03.2004;18,0867
11.03.2004;17,7539
12.03.2004;17,6788
15.03.2004;17,4534
16.03.2004;17,3782
17.03.2004;17,5822
18.03.2004;17,3890
19.03.2004;17,3460
22.03.2004;17,1313
23.03.2004;17,2923
24.03.2004;17,3675
25.03.2004;17,5392
26.03.2004;17,5285
29.03.2004;17,6573
30.03.2004;17,6895
31.03.2004;17,7968
01.04.2004;17,9793
02.04.2004;18,3872
05.04.2004;18,4409
06.04.2004;18,0437
07.04.2004;18,0437
08.04.2004;18,1296
13.04.2004;18,2691
14.04.2004;18,1189
15.04.2004;18,0008
16.04.2004;17,8612
19.04.2004;17,9471
20.04.2004;18,1833
21.04.2004;17,9900
22.04.2004;18,3765
23.04.2004;18,3657
26.04.2004;18,5375
27.04.2004;18,5482
28.04.2004;18,2691
29.04.2004;17,9686
30.04.2004;17,7646
03.05.2004;17,8076
04.05.2004;17,7002
05.05.2004;17,8183
06.05.2004;17,6036
07.05.2004;17,6251
10.05.2004;17,1743
11.05.2004;17,4534
12.05.2004;17,2601
13.05.2004;17,2816
14.05.2004;17,1313
17.05.2004;16,9059
18.05.2004;17,0455
19.05.2004;17,3031
21.05.2004;17,2387
24.05.2004;17,3782
25.05.2004;17,1421
26.05.2004;17,2065
27.05.2004;17,3567
28.05.2004;17,4104
31.05.2004;17,3567
01.06.2004;17,3675
02.06.2004;17,4346
03.06.2004;17,4905
04.06.2004;17,6582
07.06.2004;17,8372
08.06.2004;17,8372
09.06.2004;17,8484
10.06.2004;17,8260
11.06.2004;17,8707
14.06.2004;17,7142
15.06.2004;17,7365
16.06.2004;17,6694
17.06.2004;17,6471
18.06.2004;17,7365
21.06.2004;17,7813
22.06.2004;17,7030
23.06.2004;17,8148
24.06.2004;17,9937
28.06.2004;18,1056
29.06.2004;18,1727
30.06.2004;18,1839
01.07.2004;18,1056
02.07.2004;18,0049
05.07.2004;18,0497
06.07.2004;17,9155
07.07.2004;17,9155
08.07.2004;18,0161
09.07.2004;18,0049
12.07.2004;17,8819
13.07.2004;17,8484
14.07.2004;17,7813
15.07.2004;17,4569
16.07.2004;17,5240
19.07.2004;17,3339
20.07.2004;17,4346
21.07.2004;17,6135
22.07.2004;17,3451
23.07.2004;17,3116
26.07.2004;17,3898
27.07.2004;17,5352
28.07.2004;17,9043
29.07.2004;17,9043
30.07.2004;18,0608
02.08.2004;18,0161
03.08.2004;18,1056
04.08.2004;17,9937
05.08.2004;17,9937
06.08.2004;17,6582
09.08.2004;17,4905
10.08.2004;17,6471
11.08.2004;17,5688
12.08.2004;17,4793
13.08.2004;17,5129
16.08.2004;17,5800
17.08.2004;17,7701
18.08.2004;17,7701
19.08.2004;17,8484
20.08.2004;17,8372
23.08.2004;18,0720
24.08.2004;18,0944
25.08.2004;18,0385
26.08.2004;18,1503
27.08.2004;18,2062
30.08.2004;18,2062
31.08.2004;18,1168
01.09.2004;18,1727
02.09.2004;18,2174
03.09.2004;18,3181
06.09.2004;18,3628
07.09.2004;18,3963
08.09.2004;18,3628
09.09.2004;18,5082
10.09.2004;18,5641
13.09.2004;18,6424
14.09.2004;18,6200
15.09.2004;18,5753
16.09.2004;18,5976
17.09.2004;18,6759
20.09.2004;18,6647
21.09.2004;18,6535
22.09.2004;18,5529
23.09.2004;18,4523
24.09.2004;18,4746
27.09.2004;18,3628
28.09.2004;18,3852
29.09.2004;18,6200
30.09.2004;18,6535
01.10.2004;18,9555
04.10.2004;19,1456
05.10.2004;19,1121
06.10.2004;19,0897
07.10.2004;19,1456
08.10.2004;19,1344
11.10.2004;19,2239
12.10.2004;19,0785
13.10.2004;19,2351
14.10.2004;19,1680
15.10.2004;19,1903
18.10.2004;19,1568
19.10.2004;19,4699
20.10.2004;19,1344
21.10.2004;19,2351
22.10.2004;19,3581
25.10.2004;19,1232
26.10.2004;19,1121
27.10.2004;19,3693
28.10.2004;19,3581
29.10.2004;19,3805
01.11.2004;19,6600
02.11.2004;19,7160
03.11.2004;19,7495
04.11.2004;19,7495
05.11.2004;19,8166
08.11.2004;19,8054
09.11.2004;19,8725
10.11.2004;20,1633
11.11.2004;20,3534
12.11.2004;20,3981
15.11.2004;20,3869
16.11.2004;20,2527
17.11.2004;20,4652
18.11.2004;20,4764
19.11.2004;20,3981
22.11.2004;20,2975
23.11.2004;20,4317
24.11.2004;20,5323
25.11.2004;20,7448
26.11.2004;20,8119
29.11.2004;20,8343
30.11.2004;20,8007
01.12.2004;20,7895
02.12.2004;20,8455
03.12.2004;20,8231
07.12.2004;20,9461
08.12.2004;20,6330
09.12.2004;20,4540
10.12.2004;20,4652
13.12.2004;20,3981
14.12.2004;20,3758
15.12.2004;20,2304
16.12.2004;20,2863
17.12.2004;20,1185
20.12.2004;20,3981
21.12.2004;20,5211
22.12.2004;20,6442
23.12.2004;20,6330
27.12.2004;20,6106
28.12.2004;20,5547
29.12.2004;20,5100
30.12.2004;20,5323
03.01.2005;20,6442
04.01.2005;20,6777
05.01.2005;20,5211
07.01.2005;20,7448
10.01.2005;20,8231
11.01.2005;20,6442
12.01.2005;20,4317
13.01.2005;20,5435
14.01.2005;20,5882
17.01.2005;20,7560
18.01.2005;20,7560
19.01.2005;20,7001
20.01.2005;20,3758
21.01.2005;20,4317
24.01.2005;20,2863
25.01.2005;20,3646
26.01.2005;20,3869
27.01.2005;20,5211
28.01.2005;20,3534
31.01.2005;20,4988
01.02.2005;20,7224
02.02.2005;20,9126
03.02.2005;21,1921
04.02.2005;21,2480
07.02.2005;21,4158
08.02.2005;21,4941
09.02.2005;21,5947
10.02.2005;21,4046
11.02.2005;21,7177
14.02.2005;21,6618
15.02.2005;21,8296
16.02.2005;21,8408
17.02.2005;21,8296
18.02.2005;21,9638
21.02.2005;21,8296
22.02.2005;21,7848
23.02.2005;21,6506
24.02.2005;21,7960
25.02.2005;21,9414
28.02.2005;21,9973
01.03.2005;22,0868
02.03.2005;22,1427
03.03.2005;22,2881
04.03.2005;22,5565
07.03.2005;22,6012
08.03.2005;22,4335
09.03.2005;22,4111
10.03.2005;22,1874
11.03.2005;22,2881
14.03.2005;22,2881
15.03.2005;22,4670
16.03.2005;22,1874
17.03.2005;22,2210
18.03.2005;22,2210
21.03.2005;22,0868
22.03.2005;22,0197
23.03.2005;21,8967
24.03.2005;22,0197
29.03.2005;22,1651
30.03.2005;22,0532
31.03.2005;22,1763
01.04.2005;22,2322
04.04.2005;22,0085
05.04.2005;22,1986
06.04.2005;22,3552
07.04.2005;22,5117
08.04.2005;22,7019
11.04.2005;22,6012
12.04.2005;22,5117
13.04.2005;22,5453
14.04.2005;22,4782
15.04.2005;22,0309
18.04.2005;21,6730
19.04.2005;21,7848
20.04.2005;21,8519
21.04.2005;21,7177
22.04.2005;21,9190
25.04.2005;22,0085
26.04.2005;21,8743
27.04.2005;21,4941
28.04.2005;21,4158
29.04.2005;21,4046
02.05.2005;21,6059
03.05.2005;21,6283
04.05.2005;21,5947
06.05.2005;21,9750
09.05.2005;22,0197
10.05.2005;21,9079
11.05.2005;21,8855
12.05.2005;21,9526
13.05.2005;22,0980
16.05.2005;22,1651
17.05.2005;22,1986
18.05.2005;22,5117
19.05.2005;22,6012
20.05.2005;22,5900
23.05.2005;22,7690
24.05.2005;22,7690
25.05.2005;22,6236
26.05.2005;22,7019
27.05.2005;22,8361
30.05.2005;22,8584
31.05.2005;22,9161
01.06.2005;23,1700
02.06.2005;23,1584
03.06.2005;23,0661
06.06.2005;22,9738
07.06.2005;23,2046
08.06.2005;23,1700
09.06.2005;23,1123
10.06.2005;23,3200
13.06.2005;23,4123
14.06.2005;23,5969
15.06.2005;23,4469
16.06.2005;23,6546
17.06.2005;23,7469
20.06.2005;23,7238
21.06.2005;23,6661
22.06.2005;23,7238
23.06.2005;23,8046
27.06.2005;23,3661
28.06.2005;23,4815
29.06.2005;23,6892
30.06.2005;23,6777
01.07.2005;23,7931
04.07.2005;23,8392
05.07.2005;23,7469
06.07.2005;23,8277
07.07.2005;23,5738
08.07.2005;23,9085
11.07.2005;24,1046
12.07.2005;24,0700
13.07.2005;24,0585
14.07.2005;23,9662
15.07.2005;24,0585
18.07.2005;24,0354
19.07.2005;24,3700
20.07.2005;24,3123
21.07.2005;24,0354
22.07.2005;24,0700
25.07.2005;24,0700
26.07.2005;24,1046
27.07.2005;24,4277
28.07.2005;24,5892
29.07.2005;24,4623
01.08.2005;24,4969
02.08.2005;24,6008
03.08.2005;24,5662
04.08.2005;24,4508
05.08.2005;24,3469
08.08.2005;24,4739
09.08.2005;24,5662
10.08.2005;24,7969
11.08.2005;24,6239
12.08.2005;24,6585
15.08.2005;24,6008
16.08.2005;24,4277
17.08.2005;24,2662
18.08.2005;24,2546
19.08.2005;24,5546
22.08.2005;24,6700
23.08.2005;24,6123
24.08.2005;24,4508
25.08.2005;24,3354
26.08.2005;24,2085
29.08.2005;24,2085
30.08.2005;24,3816
31.08.2005;24,7393
01.09.2005;24,9470
02.09.2005;24,9470
05.09.2005;25,0046
06.09.2005;25,1547
07.09.2005;25,2931
08.09.2005;25,2008
09.09.2005;25,3508
12.09.2005;25,4893
13.09.2005;25,7085
14.09.2005;25,7316
15.09.2005;25,6739
16.09.2005;25,7547
19.09.2005;25,9162
20.09.2005;26,0431
21.09.2005;25,8354
22.09.2005;25,9162
23.09.2005;25,8816
26.09.2005;25,9624
27.09.2005;25,9162
28.09.2005;25,8701
29.09.2005;25,9162
30.09.2005;26,0662
03.10.2005;26,1701
04.10.2005;26,0662
05.10.2005;25,8008
06.10.2005;25,4316
07.10.2005;25,3508
10.10.2005;25,4316
11.10.2005;25,4662
12.10.2005;25,3162
13.10.2005;24,7739
14.10.2005;24,6816
17.10.2005;24,7046
18.10.2005;24,7162
19.10.2005;24,1046
20.10.2005;23,9546
21.10.2005;23,6315
24.10.2005;24,1392
25.10.2005;24,1508
26.10.2005;24,3816
27.10.2005;24,0815
28.10.2005;24,0815
31.10.2005;24,6816
01.11.2005;24,6816
02.11.2005;24,7046
03.11.2005;24,8200
04.11.2005;24,9931
07.11.2005;24,8546
08.11.2005;24,7969
09.11.2005;24,9239
10.11.2005;24,9931
11.11.2005;25,2008
14.11.2005;25,2470
15.11.2005;24,9354
16.11.2005;24,8316
17.11.2005;25,0046
18.11.2005;25,0046
21.11.2005;25,0277
22.11.2005;25,0854
23.11.2005;25,3047
24.11.2005;25,2931
25.11.2005;25,4431
28.11.2005;25,3047
29.11.2005;25,1085
30.11.2005;25,0970
01.12.2005;25,5470
02.12.2005;25,7085
05.12.2005;25,7547
07.12.2005;26,2393
08.12.2005;26,1355
09.12.2005;26,1470
12.12.2005;26,0201
13.12.2005;26,0662
14.12.2005;26,2393
15.12.2005;26,1239
16.12.2005;26,3893
19.12.2005;26,2508
20.12.2005;26,2047
21.12.2005;26,3778
22.12.2005;26,3547
23.12.2005;26,5509
27.12.2005;26,6201
28.12.2005;26,5624
29.12.2005;26,6085
30.12.2005;26,5162
02.01.2006;26,6432
03.01.2006;26,9893
04.01.2006;27,3009
05.01.2006;27,1970
09.01.2006;27,3701
10.01.2006;27,2201
11.01.2006;27,4278
12.01.2006;27,4509
13.01.2006;27,2893
16.01.2006;27,3701
17.01.2006;27,2201
18.01.2006;27,0816
19.01.2006;27,3586
20.01.2006;27,3355
23.01.2006;27,2086
24.01.2006;27,1739
25.01.2006;27,4163
26.01.2006;27,4740
27.01.2006;27,8547
30.01.2006;27,9240
31.01.2006;27,9932
01.02.2006;28,3855
02.02.2006;28,2817
03.02.2006;28,2124
06.02.2006;28,4317
07.02.2006;28,4201
08.02.2006;28,3048
09.02.2006;28,5586
10.02.2006;28,4432
13.02.2006;28,5240
14.02.2006;28,7432
15.02.2006;29,0202
16.02.2006;29,0548
17.02.2006;29,2048
20.02.2006;29,4933
21.02.2006;29,8394
22.02.2006;29,8625
23.02.2006;29,9317
24.02.2006;30,0702
27.02.2006;30,1625
28.02.2006;29,5971
01.03.2006;29,7471
02.03.2006;29,6317
03.03.2006;29,6663
06.03.2006;29,8394
07.03.2006;29,8394
08.03.2006;30,0817
09.03.2006;30,6010
10.03.2006;30,7279
13.03.2006;30,7741
14.03.2006;31,1087
15.03.2006;31,0625
16.03.2006;31,2702
17.03.2006;31,5125
20.03.2006;31,6856
21.03.2006;31,7779
22.03.2006;31,5472
23.03.2006;31,4433
24.03.2006;31,6741
27.03.2006;31,6164
28.03.2006;31,2702
29.03.2006;31,5933
30.03.2006;32,1010
31.03.2006;31,9626
03.04.2006;32,1472
04.04.2006;31,9510
05.04.2006;32,1126
06.04.2006;32,2395
07.04.2006;32,1010
10.04.2006;32,0549
11.04.2006;31,9395
12.04.2006;31,7549
13.04.2006;31,8703
18.04.2006;31,8126
19.04.2006;32,2741
20.04.2006;32,7703
21.04.2006;33,0703
24.04.2006;33,0703
25.04.2006;32,7472
26.04.2006;32,6549
27.04.2006;32,0780
28.04.2006;31,7895
02.05.2006;32,0549
03.05.2006;31,8587
04.05.2006;32,2280
05.05.2006;32,4010
08.05.2006;32,3549
09.05.2006;32,4818
10.05.2006;32,2395
11.05.2006;31,9510
12.05.2006;31,0164
15.05.2006;30,6241
16.05.2006;30,6587
17.05.2006;29,7240
18.05.2006;29,1471
19.05.2006;29,0432
22.05.2006;27,8547
23.05.2006;28,9394
24.05.2006;28,7548
26.05.2006;29,7240
29.05.2006;29,7125
30.05.2006;29,0894
31.05.2006;29,3548
01.06.2006;29,6433
02.06.2006;29,7387
05.06.2006;29,5717
06.06.2006;28,5224
07.06.2006;28,5820
08.06.2006;27,6519
09.06.2006;28,0931
12.06.2006;27,6639
13.06.2006;26,7576
14.06.2006;26,9484
15.06.2006;27,7473
16.06.2006;27,5088
19.06.2006;27,8308
20.06.2006;27,8427
21.06.2006;27,9858
22.06.2006;28,1289
26.06.2006;28,0931
27.06.2006;27,9620
28.06.2006;27,7712
29.06.2006;28,4747
30.06.2006;29,1067
03.07.2006;29,3332
04.07.2006;29,4048
05.07.2006;29,1663
06.07.2006;29,2736
07.07.2006;29,1424
10.07.2006;29,1782
11.07.2006;28,9755
12.07.2006;29,1901
13.07.2006;28,4628
14.07.2006;28,1527
17.07.2006;27,9262
18.07.2006;27,7235
19.07.2006;28,6536
20.07.2006;29,0113
21.07.2006;28,7370
24.07.2006;29,1067
25.07.2006;29,1782
26.07.2006;29,0828
27.07.2006;29,5121
28.07.2006;29,3809
31.07.2006;29,3452
01.08.2006;29,2855
02.08.2006;29,4525
03.08.2006;29,2378
04.08.2006;29,5598
07.08.2006;29,1544
08.08.2006;29,3929
09.08.2006;29,5121
10.08.2006;29,4048
11.08.2006;29,4644
14.08.2006;29,6671
15.08.2006;29,7744
16.08.2006;30,2156
17.08.2006;30,2752
18.08.2006;30,2037
21.08.2006;30,2872
22.08.2006;30,6330
23.08.2006;30,5137
24.08.2006;30,4183
25.08.2006;30,3826
28.08.2006;30,5018
29.08.2006;30,5256
30.08.2006;30,7283
31.08.2006;30,5614
01.09.2006;30,5018
04.09.2006;30,6926
05.09.2006;30,5376
06.09.2006;30,1798
07.09.2006;29,7983
08.09.2006;29,9891
11.09.2006;29,7744
12.09.2006;30,1560
13.09.2006;30,3706
14.09.2006;30,4302
15.09.2006;30,4899
18.09.2006;30,4899
19.09.2006;30,3826
20.09.2006;30,5137
21.09.2006;30,6210
22.09.2006;30,1798
25.09.2006;29,8102
26.09.2006;30,1798
27.09.2006;30,6807
28.09.2006;30,8476
29.09.2006;30,9072
02.10.2006;30,8476
03.10.2006;30,7164
04.10.2006;30,6449
05.10.2006;31,0622
06.10.2006;31,0622
09.10.2006;31,2411
10.10.2006;31,6107
11.10.2006;31,7657
12.10.2006;32,0638
13.10.2006;32,0996
16.10.2006;32,3739
17.10.2006;31,9923
18.10.2006;32,5766
19.10.2006;32,6124
20.10.2006;32,6362
23.10.2006;32,7197
24.10.2006;32,8151
25.10.2006;32,7197
26.10.2006;32,7435
27.10.2006;32,8508
30.10.2006;32,6839
31.10.2006;32,7316
01.11.2006;32,6958
02.11.2006;32,2904
03.11.2006;32,3381
06.11.2006;32,8151
07.11.2006;33,0893
08.11.2006;33,0655
09.11.2006;33,4113
10.11.2006;33,2801
13.11.2006;33,2443
14.11.2006;33,4590
15.11.2006;33,8405
16.11.2006;33,8048
17.11.2006;33,5067
20.11.2006;33,5186
21.11.2006;33,7094
22.11.2006;33,9479
23.11.2006;33,9836
24.11.2006;33,6855
27.11.2006;33,0297
28.11.2006;32,7912
29.11.2006;33,4351
30.11.2006;33,0416
01.12.2006;32,9582
04.12.2006;33,0058
05.12.2006;33,5067
07.12.2006;33,8286
08.12.2006;33,6855
11.12.2006;33,8882
12.12.2006;34,1744
13.12.2006;34,2817
14.12.2006;34,2817
15.12.2006;34,5560
18.12.2006;34,6991
19.12.2006;34,3056
20.12.2006;34,4844
21.12.2006;34,4248
22.12.2006;34,4010
27.12.2006;34,7825
28.12.2006;34,7229
29.12.2006;34,6871
02.01.2007;35,0091
03.01.2007;34,7348
04.01.2007;34,2221
05.01.2007;33,7451
08.01.2007;33,8525
09.01.2007;34,0313
10.01.2007;33,7809
11.01.2007;34,2698
12.01.2007;34,3533
15.01.2007;34,9137
16.01.2007;34,8779
17.01.2007;34,9375
18.01.2007;34,7587
19.01.2007;35,1164
22.01.2007;35,0449
23.01.2007;34,9852
24.01.2007;35,4503
25.01.2007;35,4145
26.01.2007;35,2476
29.01.2007;35,5695
30.01.2007;35,8438
31.01.2007;35,6649
01.02.2007;35,8199
02.02.2007;35,9034
05.02.2007;35,9511
06.02.2007;36,0346
07.02.2007;36,2253
08.02.2007;35,9749
09.02.2007;36,2850
12.02.2007;35,9988
13.02.2007;35,9869
14.02.2007;36,5354
15.02.2007;36,5354
16.02.2007;36,7142
19.02.2007;37,0004
20.02.2007;37,0481
21.02.2007;36,8335
22.02.2007;37,0958
23.02.2007;37,2150
26.02.2007;37,5131
27.02.2007;36,1300
28.02.2007;35,6411
01.03.2007;35,1403
02.03.2007;35,6053
05.03.2007;35,1880
06.03.2007;35,3191
07.03.2007;35,8796
08.03.2007;36,3207
09.03.2007;36,3446
12.03.2007;36,3088
13.03.2007;35,9034
14.03.2007;34,9256
15.03.2007;35,7484
16.03.2007;35,9034
19.03.2007;36,3804
20.03.2007;36,3804
21.03.2007;36,6904
22.03.2007;37,2985
23.03.2007;37,4058
26.03.2007;37,1674
27.03.2007;37,0839
28.03.2007;36,8812
29.03.2007;37,3343
30.03.2007;37,4774
02.04.2007;37,4178
03.04.2007;38,0020
04.04.2007;38,2286
05.04.2007;38,2524
10.04.2007;38,5028
11.04.2007;38,5505
12.04.2007;38,4790
13.04.2007;38,6221
16.04.2007;38,8725
17.04.2007;38,9202
18.04.2007;38,6221
19.04.2007;38,6579
20.04.2007;39,1467
23.04.2007;39,2302
24.04.2007;38,7771
25.04.2007;39,1467
26.04.2007;39,4329
27.04.2007;39,2421
30.04.2007;39,1587
02.05.2007;39,5879
03.05.2007;39,6237
04.05.2007;39,8622
07.05.2007;40,0649
08.05.2007;39,1467
09.05.2007;38,9679
10.05.2007;38,7652
11.05.2007;38,9083
14.05.2007;39,2779
15.05.2007;39,4687
16.05.2007;39,5283
18.05.2007;39,6714
21.05.2007;39,9934
22.05.2007;40,0053
23.05.2007;40,3749
24.05.2007;40,4345
25.05.2007;40,4465
28.05.2007;40,6969
29.05.2007;40,3988
30.05.2007;40,3511
31.05.2007;40,9234
01.06.2007;41,3169
04.06.2007;41,1688
05.06.2007;40,8973
06.06.2007;40,1816
07.06.2007;39,5645
08.06.2007;39,5152
11.06.2007;39,9594
12.06.2007;39,6016
13.06.2007;39,6386
14.06.2007;40,3790
15.06.2007;40,9467
18.06.2007;40,9467
19.06.2007;40,8973
20.06.2007;41,0701
21.06.2007;40,6876
25.06.2007;40,2803
26.06.2007;40,2186
27.06.2007;39,7250
28.06.2007;40,1446
29.06.2007;40,0952
02.07.2007;40,5271
03.07.2007;40,8356
04.07.2007;41,1195
05.07.2007;40,8233
06.07.2007;41,1318
09.07.2007;41,3293
10.07.2007;40,9961
11.07.2007;40,8603
12.07.2007;41,3169
13.07.2007;41,6872
16.07.2007;41,5884
17.07.2007;41,2799
18.07.2007;40,9837
19.07.2007;40,9220
20.07.2007;40,6999
23.07.2007;40,7246
24.07.2007;40,1199
25.07.2007;39,4535
26.07.2007;38,6143
27.07.2007;38,5403
30.07.2007;38,6266
31.07.2007;39,3794
01.08.2007;38,4539
02.08.2007;38,9352
03.08.2007;38,1330
06.08.2007;37,5777
07.08.2007;37,9479
08.08.2007;38,6883
09.08.2007;38,1577
10.08.2007;36,8989
13.08.2007;38,1454
14.08.2007;37,8615
15.08.2007;37,5407
16.08.2007;36,0844
17.08.2007;36,5164
20.08.2007;37,0964
21.08.2007;37,1581
22.08.2007;38,1454
23.08.2007;38,2194
24.08.2007;38,4168
27.08.2007;38,5279
28.08.2007;37,7998
29.08.2007;38,3798
30.08.2007;38,7747
31.08.2007;39,1696
03.09.2007;39,2437
04.09.2007;39,5522
05.09.2007;39,0339
06.09.2007;39,3054
07.09.2007;38,5156
10.09.2007;38,0096
11.09.2007;38,6266
12.09.2007;38,5896
13.09.2007;38,7254
14.09.2007;38,5896
17.09.2007;38,1330
18.09.2007;38,5156
19.09.2007;40,0458
20.09.2007;39,7620
21.09.2007;40,5641
24.09.2007;40,6135
25.09.2007;39,8484
26.09.2007;40,5518
27.09.2007;40,9837
28.09.2007;40,9961
01.10.2007;41,0084
02.10.2007;40,9467
03.10.2007;40,7616
04.10.2007;40,1816
05.10.2007;40,4284
08.10.2007;40,3297
09.10.2007;40,6629
10.10.2007;40,6382
11.10.2007;41,0454
12.10.2007;40,7246
15.10.2007;39,9594
16.10.2007;39,6509
17.10.2007;40,1569
18.10.2007;40,2680
19.10.2007;40,2433
22.10.2007;39,4288
23.10.2007;40,0952
24.10.2007;40,0705
25.10.2007;40,6135
26.10.2007;40,6876
29.10.2007;41,1318
30.10.2007;41,1318
31.10.2007;41,4527
01.11.2007;41,2305
02.11.2007;41,2059
05.11.2007;40,8973
06.11.2007;41,3540
07.11.2007;41,1565
08.11.2007;40,6505
09.11.2007;39,7373
12.11.2007;39,4041
13.11.2007;39,1820
14.11.2007;39,3794
15.11.2007;38,7747
16.11.2007;38,3675
19.11.2007;37,4419
20.11.2007;38,0713
21.11.2007;36,8742
22.11.2007;36,7755
23.11.2007;37,1211
26.11.2007;37,3926
27.11.2007;36,8249
28.11.2007;37,8615
29.11.2007;38,1207
30.11.2007;38,5403
03.12.2007;38,2441
04.12.2007;37,3432
05.12.2007;37,9356
07.12.2007;38,6143
10.12.2007;38,6637
11.12.2007;38,6266
12.12.2007;38,4909
13.12.2007;37,4913
14.12.2007;37,4543
17.12.2007;36,5410
18.12.2007;36,3559
19.12.2007;36,1832
20.12.2007;36,2078
21.12.2007;36,9853
27.12.2007;37,0223
28.12.2007;37,1704
02.01.2008;37,0347
03.01.2008;37,0470
04.01.2008;36,2449
07.01.2008;35,4551
08.01.2008;35,6525
09.01.2008;35,0848
10.01.2008;34,3691
11.01.2008;34,3074
14.01.2008;34,7393
15.01.2008;33,7150
16.01.2008;33,0980
17.01.2008;33,0486
18.01.2008;32,5550
21.01.2008;30,8766
22.01.2008;31,6418
23.01.2008;30,9260
24.01.2008;33,1350
25.01.2008;33,7027
28.01.2008;33,1350
29.01.2008;33,7520
30.01.2008;33,5546
31.01.2008;33,3818
01.02.2008;34,3074
04.02.2008;34,7640
05.02.2008;33,1597
06.02.2008;33,5546
07.02.2008;32,8635
08.02.2008;32,7771
11.02.2008;32,6537
12.02.2008;33,9371
13.02.2008;34,0482
14.02.2008;34,2210
15.02.2008;33,8014
18.02.2008;34,5665
19.02.2008;34,7270
20.02.2008;34,5048
21.02.2008;34,6776
22.02.2008;34,0482
25.02.2008;34,7146
26.02.2008;35,2206
27.02.2008;35,2946
28.02.2008;34,8997
29.02.2008;34,2703
03.03.2008;33,6903
04.03.2008;33,1227
05.03.2008;33,8137
06.03.2008;33,4682
07.03.2008;33,3448
10.03.2008;32,6907
11.03.2008;33,0363
12.03.2008;33,4188
13.03.2008;32,9992
14.03.2008;32,8635
17.03.2008;31,4937
18.03.2008;32,4192
19.03.2008;32,1230
20.03.2008;31,9256
25.03.2008;33,3078
26.03.2008;33,4929
27.03.2008;33,8137
28.03.2008;33,8754
31.03.2008;33,9001
01.04.2008;35,1219
02.04.2008;35,2946
03.04.2008;34,7516
04.04.2008;34,7640
07.04.2008;35,2206
08.04.2008;34,8504
09.04.2008;34,5912
10.04.2008;34,3691
11.04.2008;34,1593
14.04.2008;33,7767
15.04.2008;33,9248
16.04.2008;35,0478
17.04.2008;34,3444
18.04.2008;34,8380
21.04.2008;34,7516
22.04.2008;34,5295
23.04.2008;34,6035
24.04.2008;34,2827
25.04.2008;35,1219
28.04.2008;35,2823
29.04.2008;35,0478
30.04.2008;35,2329
02.05.2008;35,8746
05.05.2008;35,9610
06.05.2008;35,8006
07.05.2008;36,5657
08.05.2008;36,3930
09.05.2008;36,2202
12.05.2008;36,5657
13.05.2008;36,6891
14.05.2008;37,0840
15.05.2008;36,8372
16.05.2008;37,2692
19.05.2008;37,7751
20.05.2008;36,8125
21.05.2008;36,6645
22.05.2008;36,8742
23.05.2008;36,1832
26.05.2008;36,0227
27.05.2008;35,7759
28.05.2008;36,0844
29.05.2008;36,3683
30.05.2008;36,5657
02.06.2008;36,2697
03.06.2008;36,6301
04.06.2008;36,2182
05.06.2008;36,1410
06.06.2008;35,3688
09.06.2008;35,0341
10.06.2008;34,6609
11.06.2008;33,8757
12.06.2008;33,7084
13.06.2008;34,1074
16.06.2008;34,1846
17.06.2008;34,1460
18.06.2008;33,5154
19.06.2008;33,0134
23.06.2008;32,0867
24.06.2008;31,8422
25.06.2008;32,4728
26.06.2008;31,6749
27.06.2008;31,7521
30.06.2008;31,7907
01.07.2008;30,9412
02.07.2008;30,6967
03.07.2008;30,6709
04.07.2008;30,3106
07.07.2008;30,7482
08.07.2008;30,1175
09.07.2008;30,9412
10.07.2008;30,4264
11.07.2008;29,8858
14.07.2008;29,9502
15.07.2008;29,3453
16.07.2008;29,8730
17.07.2008;30,6323
18.07.2008;30,9155
21.07.2008;31,5461
22.07.2008;31,0056
23.07.2008;31,0184
24.07.2008;29,6413
25.07.2008;29,6155
28.07.2008;29,2423
29.07.2008;29,1007
30.07.2008;29,8215
31.07.2008;29,9116
01.08.2008;29,3710
04.08.2008;29,0235
05.08.2008;29,8987
06.08.2008;30,2076
07.08.2008;30,1561
08.08.2008;30,6452
11.08.2008;30,9541
12.08.2008;30,8254
13.08.2008;29,9244
14.08.2008;30,5294
15.08.2008;30,8383
18.08.2008;30,6581
19.08.2008;29,8215
20.08.2008;29,9502
21.08.2008;29,8730
22.08.2008;30,6066
25.08.2008;30,4007
26.08.2008;30,4135
27.08.2008;30,3234
28.08.2008;30,6838
29.08.2008;30,7096
01.09.2008;30,7868
02.09.2008;30,8897
03.09.2008;30,6066
04.09.2008;29,5254
05.09.2008;28,4186
08.09.2008;29,3581
09.09.2008;28,8304
10.09.2008;28,7661
11.09.2008;28,7146
12.09.2008;29,2423
15.09.2008;28,4829
16.09.2008;27,9552
17.09.2008;26,8612
18.09.2008;26,3979
19.09.2008;28,9591
22.09.2008;28,2384
23.09.2008;27,3889
24.09.2008;27,1701
25.09.2008;27,5305
26.09.2008;26,8226
29.09.2008;25,3425
30.09.2008;25,4969
01.10.2008;25,3682
02.10.2008;24,9692
03.10.2008;25,4969
06.10.2008;23,3346
07.10.2008;22,6139
08.10.2008;21,5199
09.10.2008;21,6228
10.10.2008;20,8248
13.10.2008;22,5624
14.10.2008;23,1930
15.10.2008;21,8545
16.10.2008;20,9407
17.10.2008;21,4941
20.10.2008;22,2277
21.10.2008;22,3050
22.10.2008;21,3011
23.10.2008;21,2110
24.10.2008;20,2199
27.10.2008;19,8981
28.10.2008;20,1427
29.10.2008;21,3139
30.10.2008;22,0476
31.10.2008;22,3178
03.11.2008;22,7941
04.11.2008;24,1197
05.11.2008;23,7465
06.11.2008;22,1505
07.11.2008;22,4723
10.11.2008;22,8069
11.11.2008;21,9575
12.11.2008;21,2882
13.11.2008;21,0436
14.11.2008;20,9021
17.11.2008;20,4258
18.11.2008;20,1942
19.11.2008;19,4477
20.11.2008;18,9328
21.11.2008;18,2507
24.11.2008;19,7952
25.11.2008;20,0140
26.11.2008;19,8981
27.11.2008;20,7347
28.11.2008;20,6060
01.12.2008;19,2417
02.12.2008;19,7308
03.12.2008;19,7566
04.12.2008;19,6407
05.12.2008;18,7012
08.12.2008;19,7180
09.12.2008;20,0526
10.12.2008;20,1427
11.12.2008;19,7437
12.12.2008;19,1903
15.12.2008;19,0358
16.12.2008;19,0873
17.12.2008;19,0487
18.12.2008;19,0873
19.12.2008;19,0615
22.12.2008;18,8299
23.12.2008;18,8556
29.12.2008;18,9843
30.12.2008;19,5249
31.12.2008;19,5249
02.01.2009;20,4001
05.01.2009;21,2624
07.01.2009;20,9793
08.01.2009;20,3486
09.01.2009;20,3229
12.01.2009;20,2328
13.01.2009;19,6021
14.01.2009;18,7526
15.01.2009;18,5853
16.01.2009;18,8942
19.01.2009;18,4952
20.01.2009;18,1091
21.01.2009;18,1863
22.01.2009;18,0448
23.01.2009;17,9547
26.01.2009;18,4180
27.01.2009;18,4566
28.01.2009;19,0744
29.01.2009;18,6497
30.01.2009;18,6626
02.02.2009;18,1735
03.02.2009;18,3537
04.02.2009;19,2031
05.02.2009;18,9972
06.02.2009;19,6407
09.02.2009;19,9368
10.02.2009;19,2675
11.02.2009;19,1645
12.02.2009;18,9586
13.02.2009;18,9714
16.02.2009;18,8041
17.02.2009;18,0576
18.02.2009;17,9547
19.02.2009;17,7230
20.02.2009;17,0537
23.02.2009;16,7319
24.02.2009;16,5518
25.02.2009;16,2171
26.02.2009;16,5775
27.02.2009;16,3587
02.03.2009;15,6894
03.03.2009;15,3805
04.03.2009;16,0498
05.03.2009;15,6508
06.03.2009;15,4191
09.03.2009;15,3805
10.03.2009;16,3201
11.03.2009;16,7191
12.03.2009;16,8092
13.03.2009;16,7577
16.03.2009;17,2983
17.03.2009;17,0280
18.03.2009;16,9765
19.03.2009;17,4656
20.03.2009;17,2082
23.03.2009;17,5557
24.03.2009;17,2339
25.03.2009;17,5685
26.03.2009;17,5428
27.03.2009;17,3240
30.03.2009;16,5518
31.03.2009;16,8478
01.04.2009;17,0923
02.04.2009;18,1992
03.04.2009;18,3279
06.04.2009;18,4437
07.04.2009;18,1349
08.04.2009;18,1992
09.04.2009;18,6883
14.04.2009;19,1903
15.04.2009;18,9200
16.04.2009;19,6922
17.04.2009;20,1427
20.04.2009;19,3061
21.04.2009;19,4348
22.04.2009;20,1298
23.04.2009;20,3357
24.04.2009;20,9021
27.04.2009;20,8377
28.04.2009;20,5031
29.04.2009;21,1466
30.04.2009;21,5713
04.05.2009;22,6525
05.05.2009;22,4852
06.05.2009;23,0772
07.05.2009;23,0386
08.05.2009;23,4762
11.05.2009;22,4208
12.05.2009;21,9832
13.05.2009;21,1981
14.05.2009;21,5199
15.05.2009;21,9446
18.05.2009;22,3050
19.05.2009;22,6010
20.05.2009;23,0257
22.05.2009;22,3436
25.05.2009;22,4980
26.05.2009;22,2792
27.05.2009;22,4594
28.05.2009;22,3516
29.05.2009;22,2572
01.06.2009;23,1469
02.06.2009;23,0930
03.06.2009;22,3111
04.06.2009;22,2437
05.06.2009;22,2168
08.06.2009;21,9606
09.06.2009;22,2168
10.06.2009;22,6212
11.06.2009;22,9178
12.06.2009;22,7425
15.06.2009;22,1224
16.06.2009;22,2033
17.06.2009;21,3405
18.06.2009;21,3540
22.06.2009;20,9765
23.06.2009;20,7204
24.06.2009;21,4079
25.06.2009;21,2461
26.06.2009;21,4888
29.06.2009;22,0145
30.06.2009;21,5966
01.07.2009;22,1494
02.07.2009;21,6236
03.07.2009;21,3809
06.07.2009;21,0978
07.07.2009;21,1113
08.07.2009;20,6934
09.07.2009;20,7608
10.07.2009;20,5316
13.07.2009;20,8956
14.07.2009;21,1652
15.07.2009;22,1224
16.07.2009;21,5966
17.07.2009;21,7180
20.07.2009;22,0550
21.07.2009;22,5133
22.07.2009;22,7830
23.07.2009;23,1469
24.07.2009;23,3087
27.07.2009;23,2818
28.07.2009;23,0526
29.07.2009;23,0795
30.07.2009;23,6997
31.07.2009;23,6188
03.08.2009;24,2659
04.08.2009;24,0097
05.08.2009;24,1176
06.08.2009;24,1715
07.08.2009;24,4951
10.08.2009;24,1580
11.08.2009;23,8749
12.08.2009;24,1445
13.08.2009;24,6299
14.08.2009;24,6838
17.08.2009;24,0232
18.08.2009;24,2120
19.08.2009;24,2120
20.08.2009;24,6029
21.08.2009;25,2635
24.08.2009;25,7488
25.08.2009;25,7623
26.08.2009;25,5331
27.08.2009;25,6814
28.08.2009;26,0184
31.08.2009;25,6005
01.09.2009;25,1152
02.09.2009;24,4951
03.09.2009;24,7916
04.09.2009;25,2230
07.09.2009;25,7892
08.09.2009;25,9780
09.09.2009;26,3285
10.09.2009;26,3689
11.09.2009;26,4633
14.09.2009;26,1532
15.09.2009;26,3824
16.09.2009;26,8003
17.09.2009;27,0295
18.09.2009;26,9486
21.09.2009;26,6116
22.09.2009;26,8273
23.09.2009;26,8947
24.09.2009;26,1937
25.09.2009;26,0319
28.09.2009;26,5307
29.09.2009;26,2206
30.09.2009;25,9914
01.10.2009;25,5331
02.10.2009;24,8725
05.10.2009;25,1826
06.10.2009;25,8836
07.10.2009;25,6275
08.10.2009;25,8701
09.10.2009;25,9780
12.10.2009;26,0319
13.10.2009;25,8836
14.10.2009;26,3285
15.10.2009;26,0454
16.10.2009;26,0589
19.10.2009;26,3285
20.10.2009;26,4498
21.10.2009;26,3285
22.10.2009;26,1128
23.10.2009;26,0184
26.10.2009;25,5601
27.10.2009;25,4792
28.10.2009;24,8590
29.10.2009;25,3578
30.10.2009;24,9130
02.11.2009;25,0343
03.11.2009;24,7377
04.11.2009;25,1826
05.11.2009;25,3444
06.11.2009;25,3983
09.11.2009;25,9914
10.11.2009;25,9106
11.11.2009;26,3150
12.11.2009;26,4633
13.11.2009;26,4902
16.11.2009;27,0160
17.11.2009;26,6520
18.11.2009;26,9756
19.11.2009;26,4094
20.11.2009;26,3420
23.11.2009;26,9082
24.11.2009;26,6116
25.11.2009;26,5846
26.11.2009;25,6949
27.11.2009;26,0858
30.11.2009;25,6544
01.12.2009;26,2476
02.12.2009;26,4094
03.12.2009;26,3150
04.12.2009;26,4498
07.12.2009;26,3689
08.12.2009;26,1397
09.12.2009;25,9240
10.12.2009;26,1263
11.12.2009;26,4228
14.12.2009;26,4633
15.12.2009;26,4094
16.12.2009;26,5307
17.12.2009;26,3959
18.12.2009;26,2611
21.12.2009;26,5577
22.12.2009;26,9351
23.12.2009;26,9621
28.12.2009;27,0565
29.12.2009;27,3261
30.12.2009;27,3935
04.01.2010;28,0136
05.01.2010;28,0945
07.01.2010;28,2697
08.01.2010;28,4046
11.01.2010;28,1754
12.01.2010;27,6361
13.01.2010;27,7844
14.01.2010;28,0001
15.01.2010;27,7305
18.01.2010;28,0271
19.01.2010;28,1349
20.01.2010;27,7575
21.01.2010;27,7575
22.01.2010;27,4339
25.01.2010;27,3800
26.01.2010;27,0969
27.01.2010;27,2587
28.01.2010;27,4204
29.01.2010;27,7305
01.02.2010;28,0540
02.02.2010;28,2158
03.02.2010;28,1349
04.02.2010;27,5283
05.02.2010;26,9756
08.02.2010;26,7194
09.02.2010;26,9082
10.02.2010;26,9216
11.02.2010;27,0834
12.02.2010;26,8138
15.02.2010;26,8003
16.02.2010;27,1508
17.02.2010;27,5687
18.02.2010;27,7844
19.02.2010;27,8114
22.02.2010;27,9732
23.02.2010;27,8249
24.02.2010;27,9597
25.02.2010;27,6227
26.02.2010;27,9192
01.03.2010;28,4046
02.03.2010;28,6472
03.03.2010;29,0247
04.03.2010;29,1191
05.03.2010;29,3617
08.03.2010;29,5639
09.03.2010;29,5909
10.03.2010;29,8875
11.03.2010;29,7122
12.03.2010;30,2919
15.03.2010;30,0627
16.03.2010;30,3728
17.03.2010;30,5615
18.03.2010;30,3054
19.03.2010;30,0088
22.03.2010;30,2919
23.03.2010;30,5480
24.03.2010;30,5750
25.03.2010;31,0468
26.03.2010;31,2086
29.03.2010;31,0738
30.03.2010;30,8851
31.03.2010;30,9255
01.04.2010;31,4513
06.04.2010;31,6535
07.04.2010;31,6670
08.04.2010;31,3165
09.04.2010;31,5322
12.04.2010;31,5726
13.04.2010;31,5187
14.04.2010;31,7613
15.04.2010;31,7748
16.04.2010;31,2491
19.04.2010;31,1008
20.04.2010;31,8153
21.04.2010;31,5591
22.04.2010;30,9929
23.04.2010;31,3299
26.04.2010;31,6535
27.04.2010;30,6963
28.04.2010;30,4132
29.04.2010;30,9660
30.04.2010;31,3030
03.05.2010;31,2625
04.05.2010;30,1975
05.05.2010;29,5639
06.05.2010;29,1325
07.05.2010;28,1080
10.05.2010;30,3593
11.05.2010;30,0358
12.05.2010;30,8177
14.05.2010;29,7931
17.05.2010;29,8335
18.05.2010;30,3189
19.05.2010;29,2539
20.05.2010;28,6742
21.05.2010;28,6068
24.05.2010;28,5933
25.05.2010;27,8384
26.05.2010;28,6607
27.05.2010;29,4561
28.05.2010;29,4841
31.05.2010;29,4561
01.06.2010;29,5542
02.06.2010;29,8346
03.06.2010;30,1711
04.06.2010;29,5823
07.06.2010;29,3019
08.06.2010;29,2037
09.06.2010;29,7645
10.06.2010;30,4235
11.06.2010;30,4795
14.06.2010;31,0684
15.06.2010;31,4329
16.06.2010;30,9983
17.06.2010;30,9282
18.06.2010;31,1805
21.06.2010;31,4329
22.06.2010;31,2787
23.06.2010;30,9001
24.06.2010;30,1851
28.06.2010;30,3674
29.06.2010;29,3860
30.06.2010;29,3720
01.07.2010;28,7691
02.07.2010;28,8953
05.07.2010;28,7411
06.07.2010;29,5542
07.07.2010;29,6944
08.07.2010;29,8767
09.07.2010;30,2272
12.07.2010;30,2552
13.07.2010;30,9001
14.07.2010;30,8721
15.07.2010;30,5917
16.07.2010;29,9468
19.07.2010;29,8767
20.07.2010;29,9468
21.07.2010;30,3954
22.07.2010;30,9422
23.07.2010;31,2226
26.07.2010;31,4469
27.07.2010;31,5030
28.07.2010;31,5030
29.07.2010;31,5591
30.07.2010;31,2927
02.08.2010;32,1619
03.08.2010;32,2461
04.08.2010;32,1900
05.08.2010;32,4283
06.08.2010;32,1760
09.08.2010;32,5966
10.08.2010;32,1339
11.08.2010;31,2787
12.08.2010;31,3067
13.08.2010;31,6572
16.08.2010;31,5170
17.08.2010;32,0638
18.08.2010;32,0217
19.08.2010;31,6572
20.08.2010;31,1525
23.08.2010;31,1525
24.08.2010;30,5777
25.08.2010;30,3253
26.08.2010;30,5917
27.08.2010;30,7740
30.08.2010;30,8160
31.08.2010;30,9702
01.09.2010;31,9236
02.09.2010;31,9937
03.09.2010;32,0778
06.09.2010;32,0918
07.09.2010;31,9516
08.09.2010;32,3722
09.09.2010;32,6947
10.09.2010;32,9611
13.09.2010;33,2835
14.09.2010;33,0732
15.09.2010;33,1013
16.09.2010;33,1013
17.09.2010;33,2415
20.09.2010;33,6901
21.09.2010;33,5780
22.09.2010;33,1153
23.09.2010;32,8069
24.09.2010;33,3817
27.09.2010;33,2134
28.09.2010;33,6200
29.09.2010;33,6761
30.09.2010;33,8303
01.10.2010;33,9144
04.10.2010;33,6200
05.10.2010;34,0687
06.10.2010;34,2369
07.10.2010;34,4612
08.10.2010;34,5594
11.10.2010;34,8678
12.10.2010;34,8117
13.10.2010;35,2884
14.10.2010;34,6996
15.10.2010;34,3210
18.10.2010;34,2089
19.10.2010;33,9986
20.10.2010;34,3491
21.10.2010;35,2323
22.10.2010;35,0641
25.10.2010;35,4847
26.10.2010;35,1202
27.10.2010;34,9519
28.10.2010;34,6435
29.10.2010;34,3210
01.11.2010;34,5453
02.11.2010;34,5594
03.11.2010;34,3210
04.11.2010;35,0921
05.11.2010;35,0641
08.11.2010;34,8257
09.11.2010;35,4566
10.11.2010;35,2604
11.11.2010;35,0220
12.11.2010;34,7276
15.11.2010;35,1622
16.11.2010;34,2790
17.11.2010;34,4612
18.11.2010;34,9659
19.11.2010;34,8818
22.11.2010;34,5734
23.11.2010;34,0406
24.11.2010;34,6154
25.11.2010;34,9519
26.11.2010;34,7977
29.11.2010;34,1388
30.11.2010;34,0406
01.12.2010;34,9379
02.12.2010;35,7370
03.12.2010;35,6669
07.12.2010;36,0455
08.12.2010;36,0174
09.12.2010;35,6389
10.12.2010;35,5548
13.12.2010;35,8632
14.12.2010;35,8632
15.12.2010;35,9894
16.12.2010;36,1016
17.12.2010;35,9894
20.12.2010;36,3119
21.12.2010;36,9428
22.12.2010;37,0830
23.12.2010;37,0690
27.12.2010;36,9147
28.12.2010;36,9428
29.12.2010;37,0409
30.12.2010;36,8026
03.01.2011;37,5176
04.01.2011;37,3073
05.01.2011;37,1250
07.01.2011;37,3213
10.01.2011;36,5923
11.01.2011;37,2933
12.01.2011;37,8821
13.01.2011;37,5456
14.01.2011;37,5877
17.01.2011;37,4475
18.01.2011;37,7559
19.01.2011;36,9708
20.01.2011;36,5782
21.01.2011;37,0830
24.01.2011;37,1110
25.01.2011;37,1811
26.01.2011;37,4195
27.01.2011;37,6298
28.01.2011;37,6017
31.01.2011;37,4755
01.02.2011;37,9522
02.02.2011;37,3914
03.02.2011;37,2793
04.02.2011;37,3494
07.02.2011;37,7980
08.02.2011;37,7419
09.02.2011;37,8821
10.02.2011;37,6017
11.02.2011;37,3353
14.02.2011;37,3073
15.02.2011;37,0129
16.02.2011;37,1671
17.02.2011;36,8306
18.02.2011;37,0409
21.02.2011;36,6624
22.02.2011;36,6483
23.02.2011;35,8772
24.02.2011;35,7511
25.02.2011;36,1436
28.02.2011;36,4100
01.03.2011;36,5502
02.03.2011;36,1717
03.03.2011;36,4380
04.03.2011;36,0875
07.03.2011;36,1997
08.03.2011;36,3539
09.03.2011;36,7465
10.03.2011;36,2978
11.03.2011;35,6669
14.03.2011;35,1762
15.03.2011;34,8398
16.03.2011;34,4893
17.03.2011;35,1342
18.03.2011;35,4286
21.03.2011;36,2137
22.03.2011;36,0875
23.03.2011;36,3119
24.03.2011;36,7465
25.03.2011;36,9288
28.03.2011;37,1110
29.03.2011;37,1391
30.03.2011;37,4615
31.03.2011;37,3774
01.04.2011;37,9102
04.04.2011;38,1625
05.04.2011;38,2466
06.04.2011;38,2466
07.04.2011;37,9522
08.04.2011;38,2326
11.04.2011;38,2887
12.04.2011;37,5737
13.04.2011;37,8961
14.04.2011;37,5597
15.04.2011;37,5316
18.04.2011;36,9848
19.04.2011;37,3073
20.04.2011;37,8401
21.04.2011;37,8821
26.04.2011;37,9803
27.04.2011;38,0644
28.04.2011;38,1625
29.04.2011;38,1906
02.05.2011;38,3728
03.05.2011;37,8681
04.05.2011;37,2793
05.05.2011;37,0690
06.05.2011;37,5877
09.05.2011;37,6157
10.05.2011;38,0083
11.05.2011;38,0644
12.05.2011;37,8120
13.05.2011;37,7279
16.05.2011;37,6438
17.05.2011;37,4054
18.05.2011;37,5036
19.05.2011;37,7139
20.05.2011;37,6017
23.05.2011;36,8867
24.05.2011;36,9147
25.05.2011;37,0269
26.05.2011;36,7886
27.05.2011;37,0269
30.05.2011;37,1144
31.05.2011;36,8081
01.06.2011;36,5892
03.06.2011;35,8889
06.06.2011;35,6555
07.06.2011;35,7139
08.06.2011;34,9261
09.06.2011;35,4659
10.06.2011;34,8823
13.06.2011;34,7218
14.06.2011;34,8094
15.06.2011;34,2696
16.06.2011;33,7590
17.06.2011;34,2258
20.06.2011;33,2775
21.06.2011;33,8757
22.06.2011;33,6714
23.06.2011;33,0733
27.06.2011;32,8982
28.06.2011;32,9420
29.06.2011;34,1674
30.06.2011;34,9115
01.07.2011;35,1741
04.07.2011;35,2470
05.07.2011;35,1303
06.07.2011;34,9698
07.07.2011;35,4075
08.07.2011;34,6927
11.07.2011;33,8757
12.07.2011;33,4672
13.07.2011;33,9486
14.07.2011;33,4964
15.07.2011;33,0733
18.07.2011;32,1250
19.07.2011;32,4314
20.07.2011;33,0733
21.07.2011;33,1754
22.07.2011;33,3796
25.07.2011;33,1608
26.07.2011;32,9566
27.07.2011;32,5189
28.07.2011;32,1104
29.07.2011;31,8916
01.08.2011;30,8412
02.08.2011;29,9220
03.08.2011;29,0029
04.08.2011;27,5440
05.08.2011;27,3106
08.08.2011;26,1581
09.08.2011;27,2960
10.08.2011;26,4790
11.08.2011;27,7921
12.08.2011;28,6966
15.08.2011;29,3093
16.08.2011;28,9446
17.08.2011;29,1342
18.08.2011;27,2668
19.08.2011;27,1647
22.08.2011;27,2814
23.08.2011;27,5294
24.08.2011;27,9234
25.08.2011;27,7483
26.08.2011;27,6316
29.08.2011;28,4486
30.08.2011;28,7549
31.08.2011;29,6886
01.09.2011;29,7616
02.09.2011;28,7549
05.09.2011;27,5003
06.09.2011;27,3252
07.09.2011;28,5069
08.09.2011;28,6820
09.09.2011;27,5586
12.09.2011;26,7125
13.09.2011;26,8438
14.09.2011;27,1939
15.09.2011;28,0984
16.09.2011;28,4048
19.09.2011;27,5294
20.09.2011;28,0692
21.09.2011;27,7045
22.09.2011;26,1727
23.09.2011;25,8809
26.09.2011;26,1873
27.09.2011;27,6462
28.09.2011;27,2668
29.09.2011;27,6899
30.09.2011;27,0626
03.10.2011;26,9313
04.10.2011;25,6912
05.10.2011;26,6833
06.10.2011;27,6316
07.10.2011;27,5586
10.10.2011;28,3756
11.10.2011;28,4194
12.10.2011;29,1634
13.10.2011;28,9300
14.10.2011;29,2947
17.10.2011;28,3173
18.10.2011;28,4923
19.10.2011;28,3027
20.10.2011;27,9671
21.10.2011;28,6674
24.10.2011;29,6011
25.10.2011;29,4698
26.10.2011;29,6011
27.10.2011;31,2788
28.10.2011;31,0162
31.10.2011;29,5865
01.11.2011;28,4631
02.11.2011;28,9300
03.11.2011;29,8053
04.11.2011;29,1342
07.11.2011;29,2510
08.11.2011;29,3385
09.11.2011;28,6236
10.11.2011;28,3756
11.11.2011;29,4114
14.11.2011;29,0467
15.11.2011;28,7257
16.11.2011;28,6674
17.11.2011;28,1276
18.11.2011;27,7191
21.11.2011;26,5958
22.11.2011;26,4499
23.11.2011;26,0414
24.11.2011;26,3040
25.11.2011;26,3040
28.11.2011;27,9671
29.11.2011;28,0547
30.11.2011;29,1634
01.12.2011;28,7695
02.12.2011;28,8133
05.12.2011;29,2947
07.12.2011;28,6966
08.12.2011;27,7629
09.12.2011;28,0255
12.12.2011;27,1647
13.12.2011;27,2377
14.12.2011;26,5228
15.12.2011;26,7271
16.12.2011;26,6103
19.12.2011;26,4207
20.12.2011;27,5149
21.12.2011;27,3252
22.12.2011;27,7629
23.12.2011;28,0255
27.12.2011;27,8650
28.12.2011;27,7191
29.12.2011;27,9671
30.12.2011;28,3464
02.01.2012;29,0613
03.01.2012;29,5136
04.01.2012;29,1051
05.01.2012;29,0321
09.01.2012;28,8279
10.01.2012;29,6449
11.01.2012;29,3677
12.01.2012;29,5573
13.01.2012;29,2947
16.01.2012;29,8783
17.01.2012;30,4764
18.01.2012;30,7536
19.01.2012;31,2642
20.01.2012;31,1329
23.01.2012;31,3664
24.01.2012;30,7536
25.01.2012;30,7099
26.01.2012;31,4247
27.01.2012;30,8995
30.01.2012;30,1701
31.01.2012;30,5494
01.02.2012;31,4247
02.02.2012;31,5414
03.02.2012;31,9937
06.02.2012;31,8916
07.02.2012;31,7603
08.02.2012;32,1979
09.02.2012;32,1396
10.02.2012;31,7748
13.02.2012;31,9937
14.02.2012;31,9353
15.02.2012;32,3146
16.02.2012;32,2709
17.02.2012;32,8982
20.02.2012;33,5839
21.02.2012;33,3213
22.02.2012;33,0003
23.02.2012;32,8544
24.02.2012;33,2921
27.02.2012;32,7669
28.02.2012;32,7085
29.02.2012;32,7231
01.03.2012;32,7377
02.03.2012;32,8690
05.03.2012;32,6210
06.03.2012;31,4539
07.03.2012;32,0083
08.03.2012;32,6064
09.03.2012;32,5918
12.03.2012;32,5772
13.03.2012;33,1462
14.03.2012;33,2483
15.03.2012;33,4234
16.03.2012;33,6422
19.03.2012;33,6860
20.03.2012;33,1316
21.03.2012;32,6502
22.03.2012;32,2125
23.03.2012;32,4459
26.03.2012;33,0149
27.03.2012;32,6064
28.03.2012;32,4314
29.03.2012;32,1250
30.03.2012;32,7523
02.04.2012;32,9566
03.04.2012;32,7815
04.04.2012;31,6581
05.04.2012;31,8040
10.04.2012;30,7682
11.04.2012;30,7536
12.04.2012;31,0600
13.04.2012;30,7244
16.04.2012;30,7682
17.04.2012;31,6290
18.04.2012;31,2059
19.04.2012;31,0308
20.04.2012;31,1183
23.04.2012;30,2430
24.04.2012;31,1621
25.04.2012;31,9791
26.04.2012;31,5560
27.04.2012;32,2563
30.04.2012;31,8186
02.05.2012;31,6144
03.05.2012;31,6290
04.05.2012;31,0016
07.05.2012;31,2642
08.05.2012;30,9141
09.05.2012;30,8557
10.05.2012;31,1475
11.05.2012;31,3664
14.05.2012;30,2138
15.05.2012;29,7324
16.05.2012;29,4990
18.05.2012;28,7841
21.05.2012;29,2364
22.05.2012;29,8783
23.05.2012;28,8716
24.05.2012;29,0905
25.05.2012;29,0613
28.05.2012;29,0467
29.05.2012;29,3677
30.05.2012;28,7819
31.05.2012;28,3194
01.06.2012;27,5486
04.06.2012;27,1940
05.06.2012;27,4252
06.06.2012;28,2115
07.06.2012;28,6123
08.06.2012;28,6277
11.06.2012;28,4735
12.06.2012;28,4581
13.06.2012;27,8106
14.06.2012;27,4869
15.06.2012;28,1960
18.06.2012;28,1652
19.06.2012;28,7664
20.06.2012;29,0593
21.06.2012;28,7973
25.06.2012;27,7490
26.06.2012;27,5640
27.06.2012;28,0573
28.06.2012;27,8261
29.06.2012;28,8589
02.07.2012;29,3985
03.07.2012;29,8301
04.07.2012;29,7839
05.07.2012;29,6606
06.07.2012;29,0593
09.07.2012;28,8281
10.07.2012;29,2289
11.07.2012;29,1364
12.07.2012;28,8743
13.07.2012;29,1827
16.07.2012;29,4293
17.07.2012;29,2598
18.07.2012;29,2598
19.07.2012;29,5835
20.07.2012;28,9514
23.07.2012;28,1806
24.07.2012;28,1190
25.07.2012;28,4119
26.07.2012;29,2443
27.07.2012;29,8764
30.07.2012;30,3851
31.07.2012;30,0306
01.08.2012;30,0306
02.08.2012;29,2906
03.08.2012;30,2155
06.08.2012;30,6164
07.08.2012;31,1713
08.08.2012;31,0172
09.08.2012;31,5105
10.08.2012;31,3872
13.08.2012;31,0172
14.08.2012;30,8939
15.08.2012;30,8322
16.08.2012;31,3101
17.08.2012;31,6338
20.08.2012;31,5105
21.08.2012;31,8651
22.08.2012;31,4797
23.08.2012;31,2638
24.08.2012;31,3255
27.08.2012;31,8342
28.08.2012;31,0789
29.08.2012;30,6780
30.08.2012;30,4314
31.08.2012;30,7551
03.09.2012;31,1868
04.09.2012;30,7089
05.09.2012;30,3080
06.09.2012;30,8322
07.09.2012;31,6184
10.09.2012;31,6492
11.09.2012;32,0038
12.09.2012;32,3892
13.09.2012;32,3738
14.09.2012;33,3142
17.09.2012;32,9750
18.09.2012;32,3738
19.09.2012;32,4817
20.09.2012;32,2505
21.09.2012;32,2505
24.09.2012;31,8188
25.09.2012;32,2351
26.09.2012;31,4488
27.09.2012;31,7109
28.09.2012;31,3872
01.10.2012;31,9576
02.10.2012;31,7109
03.10.2012;31,4643
04.10.2012;31,4180
05.10.2012;32,0192
08.10.2012;31,6955
09.10.2012;31,6955
10.10.2012;31,3872
11.10.2012;31,5876
12.10.2012;31,3409
15.10.2012;31,5567
16.10.2012;31,8805
17.10.2012;32,2042
18.10.2012;32,3892
19.10.2012;31,8342
22.10.2012;31,8342
23.10.2012;31,2022
24.10.2012;31,2947
25.10.2012;31,1251
26.10.2012;31,1868
29.10.2012;31,1868
30.10.2012;31,6647
31.10.2012;31,6338
01.11.2012;32,1426
02.11.2012;32,5434
05.11.2012;32,2967
06.11.2012;32,3584
07.11.2012;31,7417
08.11.2012;31,6955
09.11.2012;31,6030
12.11.2012;31,6184
13.11.2012;31,5259
14.11.2012;31,4488
15.11.2012;31,1713
16.11.2012;30,8322
19.11.2012;31,8497
20.11.2012;31,9576
21.11.2012;32,3430
22.11.2012;32,6975
23.11.2012;33,2217
26.11.2012;32,9134
27.11.2012;32,6513
28.11.2012;32,5588
29.11.2012;33,0829
30.11.2012;33,0675
03.12.2012;33,2525
04.12.2012;33,3142
05.12.2012;33,8383
07.12.2012;34,2546
10.12.2012;33,9308
11.12.2012;34,4241
12.12.2012;34,3316
13.12.2012;34,1312
14.12.2012;34,1929
17.12.2012;34,2546
18.12.2012;34,8250
19.12.2012;34,7016
20.12.2012;34,7479
21.12.2012;34,4704
27.12.2012;34,3933
28.12.2012;34,0696
02.01.2013;35,3799
03.01.2013;35,6728
04.01.2013;35,8733
07.01.2013;35,7962
08.01.2013;35,4262
09.01.2013;35,3337
10.01.2013;35,5649
11.01.2013;35,7653
14.01.2013;35,6728
15.01.2013;35,4724
16.01.2013;35,7345
17.01.2013;36,0428
18.01.2013;35,7653
21.01.2013;36,1662
22.01.2013;36,3512
23.01.2013;36,3974
24.01.2013;36,0120
25.01.2013;35,7499
28.01.2013;35,8733
29.01.2013;35,9503
30.01.2013;35,9658
31.01.2013;35,3645
01.02.2013;35,8270
04.02.2013;35,3954
05.02.2013;35,7653
06.02.2013;35,7191
07.02.2013;35,6728
08.02.2013;36,1353
11.02.2013;36,1970
12.02.2013;36,3666
13.02.2013;36,6286
14.02.2013;36,5824
15.02.2013;36,7211
18.02.2013;36,4128
19.02.2013;36,8136
20.02.2013;36,7366
21.02.2013;36,1353
22.02.2013;36,5053
25.02.2013;36,5207
26.02.2013;35,7653
27.02.2013;36,3049
28.02.2013;36,3203
01.03.2013;36,2895
04.03.2013;36,1353
05.03.2013;36,7520
06.03.2013;36,7211
07.03.2013;36,7211
08.03.2013;36,9832
11.03.2013;36,8445
12.03.2013;36,8599
13.03.2013;36,7366
14.03.2013;36,8753
15.03.2013;36,7828
18.03.2013;36,6441
19.03.2013;36,6286
20.03.2013;36,9061
21.03.2013;36,7674
22.03.2013;36,5207
25.03.2013;36,5053
26.03.2013;36,5361
27.03.2013;36,1970
28.03.2013;36,3666
02.04.2013;36,9524
03.04.2013;36,9216
04.04.2013;36,5824
05.04.2013;36,1353
08.04.2013;35,8424
09.04.2013;36,0274
10.04.2013;36,8136
11.04.2013;37,0295
12.04.2013;36,6903
15.04.2013;36,1353
16.04.2013;35,6420
17.04.2013;35,3029
18.04.2013;34,9945
19.04.2013;34,9791
22.04.2013;35,1179
23.04.2013;36,1970
24.04.2013;36,5824
25.04.2013;37,2607
26.04.2013;37,1836
29.04.2013;37,3532
30.04.2013;37,1836
02.05.2013;36,9370
03.05.2013;37,5074
06.05.2013;37,5844
07.05.2013;37,9236
08.05.2013;38,3090
10.05.2013;38,8023
13.05.2013;38,8794
14.05.2013;38,8023
15.05.2013;39,1389
16.05.2013;39,0908
17.05.2013;38,9626
20.05.2013;39,2351
21.05.2013;39,3152
22.05.2013;39,3472
23.05.2013;38,2734
24.05.2013;38,2414
27.05.2013;38,2894
28.05.2013;38,6741
29.05.2013;38,1933
30.05.2013;38,0490
31.05.2013;37,6003
03.06.2013;37,3118
04.06.2013;37,1355
05.06.2013;36,4142
06.06.2013;36,2219
07.06.2013;36,5905
10.06.2013;36,6546
11.06.2013;36,0456
12.06.2013;36,0937
13.06.2013;36,3181
14.06.2013;36,7668
17.06.2013;36,9912
18.06.2013;36,8790
19.06.2013;36,7348
20.06.2013;36,1097
24.06.2013;34,8115
25.06.2013;35,2122
26.06.2013;35,7731
27.06.2013;35,9815
28.06.2013;35,5808
01.07.2013;35,9815
02.07.2013;36,0616
03.07.2013;35,9174
04.07.2013;36,7348
05.07.2013;36,4463
08.07.2013;36,9752
09.07.2013;37,7285
10.07.2013;37,5362
11.07.2013;38,0651
12.07.2013;37,8888
15.07.2013;37,7605
16.07.2013;37,4400
17.07.2013;37,6964
18.07.2013;37,7605
19.07.2013;37,6483
22.07.2013;37,4720
23.07.2013;37,7285
24.07.2013;37,8246
25.07.2013;37,6483
26.07.2013;37,4079
29.07.2013;37,3118
30.07.2013;37,3919
31.07.2013;37,1515
01.08.2013;37,8727
02.08.2013;37,9368
05.08.2013;38,0811
06.08.2013;38,0811
07.08.2013;37,9048
08.08.2013;38,4337
09.08.2013;38,9466
12.08.2013;39,1229
13.08.2013;39,1709
14.08.2013;39,3312
15.08.2013;39,0107
16.08.2013;39,3472
19.08.2013;39,2992
20.08.2013;38,8985
21.08.2013;38,6420
22.08.2013;39,1389
23.08.2013;39,4274
26.08.2013;39,3633
27.08.2013;38,6741
28.08.2013;38,4177
29.08.2013;38,6741
30.08.2013;38,1292
02.09.2013;38,8344
03.09.2013;40,2768
04.09.2013;40,5012
05.09.2013;40,8538
06.09.2013;40,9660
09.09.2013;41,2705
10.09.2013;42,1681
11.09.2013;42,5527
12.09.2013;42,6168
13.09.2013;42,6809
16.09.2013;42,8092
17.09.2013;42,7290
18.09.2013;42,9694
19.09.2013;43,0656
20.09.2013;43,2098
23.09.2013;42,7451
24.09.2013;42,6970
25.09.2013;42,3764
26.09.2013;42,5848
27.09.2013;42,7130
30.09.2013;42,1360
01.10.2013;42,6329
02.10.2013;42,4085
03.10.2013;42,2803
04.10.2013;41,9918
07.10.2013;41,6392
08.10.2013;41,6552
09.10.2013;41,2866
10.10.2013;42,1841
11.10.2013;42,0398
14.10.2013;42,0078
15.10.2013;42,6489
16.10.2013;42,8893
17.10.2013;42,8092
18.10.2013;43,1938
21.10.2013;43,4182
22.10.2013;43,1778
23.10.2013;42,9534
24.10.2013;43,0175
25.10.2013;42,9374
28.10.2013;42,8893
29.10.2013;43,4823
30.10.2013;44,0272
31.10.2013;43,9631
01.11.2013;44,0433
04.11.2013;44,5401
05.11.2013;44,5401
06.11.2013;45,0370
07.11.2013;45,0370
08.11.2013;44,9248
11.11.2013;45,1812
12.11.2013;44,5722
13.11.2013;44,4440
14.11.2013;44,8126
15.11.2013;45,0049
18.11.2013;45,4056
19.11.2013;45,0209
20.11.2013;45,1331
21.11.2013;45,3255
22.11.2013;45,3415
25.11.2013;45,5018
26.11.2013;45,2453
27.11.2013;45,5178
28.11.2013;45,5178
29.11.2013;45,0851
02.12.2013;44,9248
03.12.2013;43,8349
04.12.2013;43,6105
05.12.2013;43,4823
09.12.2013;43,8670
10.12.2013;43,4823
11.12.2013;43,3220
12.12.2013;42,8252
13.12.2013;42,6970
16.12.2013;43,0656
17.12.2013;42,8733
18.12.2013;43,4663
19.12.2013;44,2196
20.12.2013;44,7164
23.12.2013;45,0370
27.12.2013;45,7582
30.12.2013;45,5979
02.01.2014;45,2453
03.01.2014;45,5338
07.01.2014;45,4537
08.01.2014;45,4537
09.01.2014;45,7582
10.01.2014;46,0627
13.01.2014;46,2551
14.01.2014;46,0307
15.01.2014;46,5435
16.01.2014;46,5435
17.01.2014;46,5115
20.01.2014;46,5916
21.01.2014;46,2871
22.01.2014;46,5115
23.01.2014;45,9024
24.01.2014;44,9729
27.01.2014;44,4600
28.01.2014;44,8286
29.01.2014;44,7324
30.01.2014;44,4119
31.01.2014;43,7227
03.02.2014;43,3060
04.02.2014;43,6426
05.02.2014;43,9311
06.02.2014;45,1812
07.02.2014;45,5338
10.02.2014;45,9185
11.02.2014;46,4955
12.02.2014;46,5275
13.02.2014;46,4634
14.02.2014;46,5596
17.02.2014;46,7519
18.02.2014;46,7198
19.02.2014;46,8320
20.02.2014;46,8320
21.02.2014;47,1045
24.02.2014;47,3129
25.02.2014;47,5212
26.02.2014;47,1846
27.02.2014;47,1846
28.02.2014;47,2007
03.03.2014;45,9024
04.03.2014;46,9282
05.03.2014;47,0885
06.03.2014;47,3289
07.03.2014;46,7840
10.03.2014;46,3672
11.03.2014;46,4153
12.03.2014;45,6140
13.03.2014;44,9729
14.03.2014;44,9729
17.03.2014;45,6460
18.03.2014;46,0307
19.03.2014;45,7101
20.03.2014;45,2453
21.03.2014;45,1812
24.03.2014;44,6683
25.03.2014;45,2774
26.03.2014;45,8864
27.03.2014;45,6140
28.03.2014;46,1749
31.03.2014;46,3993
01.04.2014;47,4090
02.04.2014;47,4892
03.04.2014;47,4571
04.04.2014;47,5853
07.04.2014;46,9763
08.04.2014;47,0724
09.04.2014;47,4731
10.04.2014;47,0724
11.04.2014;46,4153
14.04.2014;46,0788
15.04.2014;45,5979
16.04.2014;46,1749
17.04.2014;46,3833
22.04.2014;47,1686
23.04.2014;47,2327
24.04.2014;47,3289
25.04.2014;46,9442
28.04.2014;46,6878
29.04.2014;47,5853
30.04.2014;47,5693
02.05.2014;47,5853
05.05.2014;47,5212
06.05.2014;47,4251
07.05.2014;47,5693
08.05.2014;48,1944
09.05.2014;48,1463
12.05.2014;48,5149
13.05.2014;49,0278
14.05.2014;48,8355
15.05.2014;48,3339
16.05.2014;48,0497
19.05.2014;48,4008
20.05.2014;48,7853
21.05.2014;49,0695
22.05.2014;49,3203
23.05.2014;49,4541
26.05.2014;49,6547
27.05.2014;49,5544
28.05.2014;49,3370
30.05.2014;49,3705
02.06.2014;49,7717
03.06.2014;49,3036
04.06.2014;49,3705
05.06.2014;49,6212
06.06.2014;50,0894
09.06.2014;50,2231
10.06.2014;50,1730
11.06.2014;49,9055
12.06.2014;49,9891
13.06.2014;49,8051
16.06.2014;49,6881
17.06.2014;49,8051
18.06.2014;50,0559
19.06.2014;50,2398
23.06.2014;50,4237
24.06.2014;49,8219
25.06.2014;49,1364
26.06.2014;49,2869
27.06.2014;49,2200
30.06.2014;48,9023
01.07.2014;49,2200
02.07.2014;49,4039
03.07.2014;50,0392
04.07.2014;49,6714
07.07.2014;49,3537
08.07.2014;48,6683
09.07.2014;48,7686
10.07.2014;48,2336
11.07.2014;48,1500
14.07.2014;48,9859
15.07.2014;48,6348
16.07.2014;49,4039
17.07.2014;49,1030
18.07.2014;49,2367
21.07.2014;49,4875
22.07.2014;49,5544
23.07.2014;49,9222
24.07.2014;50,1562
25.07.2014;50,0559
28.07.2014;49,7717
29.07.2014;49,7884
30.07.2014;49,5544
31.07.2014;49,0194
01.08.2014;48,5178
04.08.2014;48,7017
05.08.2014;48,4844
06.08.2014;47,8156
07.08.2014;47,6317
08.08.2014;46,8292
11.08.2014;47,6317
12.08.2014;47,6651
13.08.2014;47,7655
14.08.2014;47,8323
15.08.2014;47,7153
18.08.2014;48,2001
19.08.2014;48,8020
20.08.2014;48,9859
21.08.2014;49,4039
22.08.2014;49,1197
25.08.2014;49,4373
26.08.2014;49,5544
27.08.2014;49,6881
28.08.2014;48,9191
29.08.2014;49,2033
01.09.2014;49,1197
02.09.2014;49,4206
03.09.2014;49,8386
04.09.2014;50,4070
05.09.2014;50,2733
08.09.2014;50,3234
09.09.2014;49,9055
10.09.2014;49,5042
11.09.2014;49,3203
12.09.2014;49,2200
15.09.2014;49,1866
16.09.2014;48,8689
17.09.2014;49,2701
18.09.2014;49,3872
19.09.2014;49,8553
22.09.2014;49,7884
23.09.2014;49,1698
24.09.2014;49,3537
25.09.2014;49,0862
26.09.2014;49,1531
29.09.2014;48,9023
30.09.2014;49,2033
01.10.2014;48,5178
02.10.2014;47,6651
03.10.2014;48,2001
06.10.2014;48,7017
07.10.2014;47,7989
08.10.2014;47,1134
09.10.2014;47,0131
10.10.2014;46,2441
13.10.2014;46,1772
14.10.2014;46,4112
15.10.2014;44,9902
16.10.2014;44,9902
17.10.2014;46,4948
20.10.2014;46,1772
21.10.2014;47,1134
22.10.2014;47,6819
23.10.2014;48,0497
24.10.2014;47,5648
27.10.2014;47,4144
28.10.2014;48,3005
29.10.2014;48,2503
30.10.2014;48,4676
31.10.2014;49,0361
03.11.2014;48,7017
04.11.2014;48,3339
05.11.2014;49,0194
06.11.2014;49,0695
07.11.2014;48,5178
10.11.2014;48,9525
11.11.2014;49,1866
12.11.2014;48,4844
13.11.2014;48,9525
14.11.2014;48,8020
17.11.2014;48,8187
18.11.2014;49,3705
19.11.2014;49,2534
20.11.2014;49,2701
21.11.2014;50,6076
24.11.2014;51,2931
25.11.2014;51,3934
26.11.2014;51,3934
27.11.2014;51,5105
28.11.2014;50,9086
01.12.2014;50,8083
02.12.2014;50,8250
03.12.2014;51,0423
04.12.2014;50,8584
05.12.2014;51,6442
08.12.2014;51,3600
09.12.2014;50,5073
10.12.2014;50,3401
11.12.2014;50,2566
12.12.2014;49,0695
15.12.2014;47,8992
16.12.2014;48,5011
17.12.2014;48,6181
18.12.2014;49,9055
19.12.2014;49,8553
22.12.2014;50,1562
23.12.2014;50,6912
29.12.2014;50,6411
30.12.2014;50,0058
02.01.2015;50,3234
05.01.2015;49,3370
07.01.2015;49,0361
08.01.2015;49,9556
09.01.2015;49,6714
12.01.2015;49,7550
13.01.2015;50,2398
14.01.2015;49,5042
15.01.2015;50,2231
16.01.2015;51,0758
19.01.2015;52,0287
20.01.2015;52,0789
21.01.2015;52,6808
22.01.2015;53,8009
23.01.2015;55,1050
26.01.2015;55,8406
27.01.2015;54,7539
28.01.2015;55,3725
29.01.2015;54,5031
30.01.2015;54,6201
02.02.2015;54,1353
03.02.2015;54,9880
04.02.2015;54,9211
05.02.2015;56,1583
06.02.2015;56,1416
09.02.2015;55,3725
10.02.2015;55,6901
11.02.2015;55,4728
12.02.2015;56,0580
13.02.2015;56,4759
16.02.2015;56,3087
17.02.2015;56,2753
18.02.2015;56,7100
19.02.2015;56,6431
20.02.2015;56,8605
23.02.2015;57,1280
24.02.2015;57,7633
25.02.2015;57,6630
26.02.2015;57,8803
27.02.2015;57,8134
02.03.2015;57,9305
03.03.2015;57,4958
04.03.2015;57,4122
05.03.2015;58,0141
06.03.2015;58,4655
09.03.2015;58,5825
10.03.2015;58,1980
11.03.2015;59,2011
12.03.2015;59,1342
13.03.2015;59,1676
16.03.2015;59,6358
17.03.2015;59,5856
18.03.2015;59,7695
19.03.2015;60,3045
20.03.2015;60,8061
23.03.2015;60,6723
24.03.2015;60,9064
25.03.2015;60,5553
26.03.2015;59,8698
27.03.2015;59,4686
30.03.2015;60,1541
31.03.2015;59,5187
01.04.2015;59,7862
02.04.2015;59,9869
07.04.2015;60,8061
08.04.2015;60,9231
09.04.2015;61,3912
10.04.2015;62,3275
13.04.2015;62,6619
14.04.2015;62,4445
15.04.2015;62,5448
16.04.2015;62,3609
17.04.2015;61,3244
20.04.2015;61,6086
21.04.2015;62,4947
22.04.2015;61,5417
23.04.2015;60,9900
24.04.2015;61,4247
27.04.2015;61,6086
28.04.2015;60,0705
29.04.2015;58,5491
30.04.2015;57,9305
04.05.2015;58,3317
05.05.2015;56,8939
06.05.2015;56,7936
07.05.2015;57,3620
08.05.2015;58,7497
11.05.2015;58,5825
12.05.2015;57,6128
13.05.2015;58,1812
15.05.2015;58,4320
18.05.2015;58,3317
19.05.2015;59,4351
20.05.2015;59,9200
21.05.2015;60,2209
22.05.2015;60,0872
25.05.2015;59,5689
26.05.2015;59,1509
27.05.2015;59,7194
28.05.2015;59,2847
29.05.2015;58,5323
01.06.2015;58,7664
02.06.2015;58,8500
03.06.2015;58,9001
04.06.2015;58,2983
05.06.2015;57,5459
08.06.2015;56,8103
09.06.2015;56,6766
10.06.2015;57,4289
11.06.2015;57,6964
12.06.2015;57,0109
15.06.2015;56,2753
16.06.2015;56,8772
17.06.2015;56,2586
18.06.2015;56,6598
22.06.2015;58,1980
23.06.2015;58,6995
24.06.2015;58,5323
25.06.2015;58,5156
26.06.2015;58,7831
29.06.2015;57,2450
30.06.2015;56,4258
01.07.2015;57,0276
02.07.2015;56,5094
03.07.2015;56,2084
06.07.2015;55,3223
07.07.2015;54,0851
08.07.2015;54,4697
09.07.2015;55,9242
10.07.2015;57,1781
13.07.2015;58,1812
14.07.2015;58,6159
15.07.2015;58,5323
16.07.2015;59,3348
17.07.2015;59,6525
20.07.2015;60,5051
21.07.2015;58,9503
22.07.2015;58,2983
23.07.2015;58,2816
24.07.2015;58,1311
27.07.2015;57,2784
28.07.2015;57,6964
29.07.2015;58,2481
30.07.2015;58,9336
31.07.2015;59,0339
03.08.2015;59,3348
04.08.2015;59,4519
05.08.2015;59,6358
06.08.2015;59,5856
07.08.2015;59,0506
10.08.2015;59,4853
11.08.2015;58,5658
12.08.2015;56,8939
13.08.2015;57,9305
14.08.2015;57,9472
17.08.2015;57,8803
18.08.2015;57,8301
19.08.2015;56,7100
20.08.2015;55,2220
21.08.2015;53,8344
24.08.2015;51,0256
25.08.2015;53,2325
26.08.2015;52,7309
27.08.2015;54,2523
28.08.2015;54,3192
31.08.2015;53,7842
01.09.2015;52,5136
02.09.2015;52,7978
03.09.2015;54,0684
04.09.2015;52,8145
07.09.2015;52,9316
08.09.2015;53,8511
09.09.2015;54,8709
10.09.2015;54,3025
11.09.2015;53,8511
14.09.2015;53,2492
15.09.2015;53,3495
16.09.2015;53,8678
17.09.2015;53,7508
18.09.2015;52,7978
21.09.2015;53,3662
22.09.2015;51,5773
23.09.2015;51,6944
24.09.2015;50,2566
25.09.2015;51,5272
28.09.2015;50,2733
29.09.2015;50,5575
30.09.2015;51,4269
01.10.2015;51,3934
02.10.2015;51,8448
05.10.2015;53,6003
06.10.2015;54,3694
07.10.2015;54,4028
08.10.2015;54,4028
09.10.2015;54,7205
12.10.2015;54,7539
13.10.2015;54,2858
14.10.2015;54,0684
15.10.2015;54,6536
16.10.2015;54,4028
19.10.2015;55,0214
20.10.2015;55,1217
21.10.2015;55,0548
22.10.2015;56,1248
23.10.2015;56,6264
26.10.2015;56,6264
27.10.2015;55,7737
28.10.2015;56,2753
29.10.2015;56,6598
30.10.2015;57,0778
02.11.2015;57,5961
03.11.2015;58,0475
04.11.2015;58,6159
05.11.2015;58,5323
06.11.2015;58,9336
09.11.2015;58,2481
10.11.2015;58,0141
11.11.2015;58,7831
12.11.2015;58,0976
13.11.2015;57,4791
16.11.2015;57,9639
17.11.2015;59,0172
18.11.2015;59,1676
19.11.2015;59,1509
20.11.2015;59,4686
23.11.2015;59,8197
24.11.2015;58,6828
25.11.2015;59,3014
26.11.2015;59,7361
27.11.2015;59,6859
30.11.2015;60,1206
01.12.2015;60,0705
02.12.2015;60,4216
03.12.2015;59,0506
04.12.2015;58,7330
07.12.2015;59,1008
08.12.2015;57,8636
09.12.2015;57,2116
10.12.2015;57,9806
11.12.2015;56,2753
14.12.2015;55,5564
15.12.2015;57,1614
16.12.2015;57,5961
17.12.2015;58,1645
18.12.2015;57,2283
21.12.2015;56,8939
22.12.2015;56,8103
23.12.2015;58,1144
28.12.2015;57,6797
29.12.2015;58,5156
30.12.2015;58,2147
04.01.2016;56,4926
05.01.2016;56,3756
07.01.2016;55,0883
08.01.2016;55,1217
11.01.2016;55,5230
12.01.2016;56,1081
13.01.2016;56,5261
14.01.2016;54,9880
15.01.2016;53,2826
18.01.2016;53,1322
19.01.2016;54,0684
20.01.2016;52,4133
21.01.2016;53,3662
22.01.2016;54,9880
25.01.2016;54,8208
26.01.2016;55,7069
27.01.2016;55,7570
28.01.2016;55,1217
29.01.2016;56,0747
01.02.2016;55,4895
02.02.2016;54,8542
03.02.2016;53,9012
04.02.2016;53,7675
05.02.2016;53,7341
08.02.2016;51,8281
09.02.2016;51,0591
10.02.2016;51,4101
11.02.2016;49,5376
12.02.2016;50,3903
15.02.2016;51,9953
16.02.2016;51,7445
17.02.2016;53,4666
18.02.2016;53,9848
19.02.2016;53,5501
22.02.2016;55,0381
23.02.2016;54,1855
24.02.2016;52,9817
25.02.2016;53,8176
26.02.2016;54,2189
29.02.2016;54,2523
01.03.2016;55,2220
02.03.2016;54,8375
03.03.2016;55,0548
04.03.2016;55,3391
07.03.2016;55,2220
08.03.2016;54,6034
09.03.2016;54,9378
10.03.2016;54,2356
11.03.2016;55,3391
14.03.2016;56,4759
15.03.2016;55,9242
16.03.2016;55,9242
17.03.2016;56,3255
18.03.2016;56,6766
21.03.2016;56,6097
22.03.2016;56,4926
23.03.2016;56,3255
24.03.2016;55,3892
29.03.2016;55,6734
30.03.2016;56,8270
31.03.2016;56,0078
01.04.2016;55,1217
04.04.2016;55,2387
05.04.2016;54,6201
06.04.2016;54,6536
07.04.2016;53,9180
08.04.2016;55,2387
11.04.2016;55,4059
12.04.2016;55,5731
13.04.2016;56,4926
14.04.2016;56,9441
15.04.2016;56,8772
18.04.2016;57,1781
19.04.2016;58,1311
20.04.2016;58,2983
21.04.2016;57,5626
22.04.2016;57,2450
25.04.2016;56,2419
26.04.2016;56,8772
27.04.2016;56,8939
28.04.2016;57,2617
29.04.2016;56,5762
02.05.2016;56,4926
03.05.2016;55,9576
04.05.2016;55,4059
06.05.2016;55,4561
09.05.2016;55,6233
10.05.2016;55,5898
11.05.2016;55,7403
12.05.2016;55,3391
13.05.2016;55,4394
16.05.2016;55,7403
17.05.2016;55,7570
18.05.2016;55,9911
19.05.2016;55,4728
20.05.2016;56,2920
23.05.2016;56,1583
24.05.2016;56,9942
25.05.2016;57,4958
26.05.2016;58,1645
27.05.2016;58,2816
30.05.2016;58,3651
31.05.2016;58,6159
01.06.2016;58,2314
02.06.2016;58,3819
03.06.2016;58,1980
06.06.2016;58,7162
07.06.2016;59,4351
08.06.2016;59,3850
09.06.2016;58,8667
10.06.2016;57,8134
13.06.2016;56,8939
14.06.2016;55,9075
15.06.2016;56,5595
16.06.2016;55,7069
17.06.2016;56,5595
20.06.2016;58,3819
21.06.2016;58,5156
22.06.2016;58,7497
23.06.2016;59,2011
27.06.2016;54,2523
28.06.2016;55,6066
29.06.2016;57,0945
30.06.2016;57,8803
01.07.2016;59,0506
04.07.2016;58,5658
05.07.2016;57,2450
06.07.2016;56,7267
07.07.2016;57,2116
08.07.2016;58,2648
11.07.2016;59,3850
12.07.2016;59,8197
13.07.2016;60,2376
14.07.2016;60,4884
15.07.2016;60,3045
18.07.2016;60,3045
19.07.2016;60,4048
20.07.2016;60,8395
21.07.2016;60,7726
22.07.2016;61,2073
25.07.2016;61,5083
26.07.2016;61,7925
27.07.2016;61,7423
28.07.2016;61,4581
29.07.2016;61,2742
01.08.2016;60,7726
02.08.2016;60,0203
03.08.2016;59,9200
04.08.2016;60,4383
05.08.2016;61,0569
08.08.2016;61,5919
09.08.2016;62,6117
10.08.2016;62,3108
11.08.2016;62,6284
12.08.2016;62,3944
15.08.2016;62,4780
16.08.2016;61,6253
17.08.2016;60,8395
18.08.2016;61,5417
19.08.2016;61,1070
22.08.2016;60,9566
23.08.2016;61,4916
24.08.2016;61,6253
25.08.2016;61,2575
26.08.2016;61,8928
29.08.2016;61,6755
30.08.2016;61,4247
31.08.2016;60,9733
01.09.2016;61,1572
02.09.2016;62,4445
05.09.2016;62,3609
06.09.2016;62,3776
07.09.2016;62,8625
08.09.2016;62,7120
09.09.2016;61,7758
12.09.2016;61,0736
13.09.2016;60,4884
14.09.2016;60,5553
15.09.2016;60,9733
16.09.2016;60,7726
19.09.2016;61,5584
20.09.2016;61,5083
21.09.2016;61,9262
22.09.2016;63,1969
23.09.2016;63,0297
26.09.2016;62,4111
27.09.2016;62,5281
28.09.2016;62,8123
29.09.2016;62,7622
30.09.2016;63,1300
03.10.2016;63,3139
04.10.2016;63,5981
05.10.2016;63,4309
06.10.2016;63,0798
07.10.2016;62,6786
10.10.2016;63,3808
11.10.2016;63,0130
12.10.2016;62,6117
13.10.2016;62,0433
14.10.2016;62,5950
17.10.2016;62,5114
18.10.2016;63,3139
19.10.2016;63,3641
20.10.2016;63,4644
21.10.2016;63,3139
24.10.2016;63,3808
25.10.2016;63,5480
26.10.2016;63,6650
27.10.2016;62,8123
28.10.2016;62,8458
31.10.2016;62,4111
01.11.2016;61,8426
02.11.2016;61,1739
03.11.2016;61,1739
04.11.2016;60,5051
07.11.2016;61,3411
08.11.2016;61,5417
09.11.2016;62,8959
10.11.2016;63,3306
11.11.2016;62,2941
14.11.2016;61,3912
15.11.2016;61,9095
16.11.2016;61,6086
17.11.2016;61,9764
18.11.2016;62,1603
21.11.2016;62,3108
22.11.2016;62,8458
23.11.2016;63,0130
24.11.2016;63,4476
25.11.2016;63,6316
28.11.2016;62,9795
29.11.2016;62,8123
30.11.2016;63,1801
01.12.2016;63,0464
02.12.2016;62,6451
05.12.2016;63,3306
07.12.2016;64,6180
08.12.2016;64,9022
09.12.2016;65,1530
12.12.2016;65,6044
13.12.2016;66,0725
14.12.2016;65,6211
15.12.2016;66,1059
16.12.2016;65,8719
19.12.2016;66,1226
20.12.2016;66,2731
21.12.2016;66,5072
22.12.2016;65,9053
23.12.2016;66,7245
27.12.2016;66,7580
28.12.2016;66,7914
29.12.2016;66,6075
30.12.2016;66,5908
02.01.2017;67,3766
03.01.2017;67,3933
04.01.2017;67,2595
05.01.2017;67,1425
09.01.2017;66,7412
10.01.2017;66,6075
11.01.2017;66,5741
12.01.2017;65,9722
13.01.2017;66,7078
16.01.2017;66,3734
17.01.2017;65,9387
18.01.2017;66,3066
19.01.2017;66,8081
20.01.2017;67,1425
23.01.2017;66,6576
24.01.2017;67,3264
25.01.2017;67,6775
26.01.2017;67,5772
27.01.2017;67,6608
30.01.2017;66,7580
31.01.2017;65,5542
01.02.2017;66,0725
02.02.2017;66,5406
03.02.2017;66,1059
06.02.2017;65,8384
07.02.2017;66,1226
08.02.2017;66,0892
09.02.2017;66,6075
10.02.2017;66,8917
13.02.2017;67,3598
14.02.2017;67,3766
15.02.2017;67,8280
16.02.2017;67,7611
17.02.2017;67,4434
20.02.2017;67,6775
21.02.2017;68,0119
22.02.2017;67,7945
23.02.2017;67,6273
24.02.2017;67,1592
27.02.2017;67,2428
28.02.2017;67,2762
01.03.2017;68,2961
02.03.2017;68,5301
03.03.2017;68,5803
06.03.2017;68,3128
07.03.2017;68,3295
08.03.2017;68,2125
09.03.2017;68,1623
10.03.2017;68,1958
13.03.2017;68,2961
14.03.2017;68,2961
15.03.2017;68,7308
16.03.2017;69,1989
17.03.2017;69,5333
20.03.2017;69,7339
21.03.2017;68,7642
22.03.2017;68,5301
23.03.2017;69,1822
24.03.2017;69,1153
27.03.2017;68,8645
28.03.2017;69,0317
29.03.2017;69,1822
30.03.2017;69,4831
31.03.2017;69,6837
03.04.2017;69,5333
04.04.2017;69,7673
05.04.2017;69,5500
06.04.2017;70,0014
07.04.2017;70,2522
10.04.2017;70,4528
11.04.2017;70,2355
12.04.2017;70,8373
13.04.2017;70,8541
18.04.2017;70,2355
19.04.2017;70,1351
20.04.2017;70,9042
21.04.2017;70,6534
24.04.2017;72,2751
25.04.2017;73,0442
26.04.2017;73,4789
27.04.2017;73,3953
28.04.2017;73,5458
02.05.2017;74,3984
03.05.2017;74,0306
04.05.2017;74,4987
05.05.2017;75,0170
08.05.2017;74,6492
09.05.2017;75,0003
10.05.2017;75,0003
11.05.2017;74,8331
12.05.2017;74,6158
15.05.2017;74,9000
16.05.2017;75,0672
17.05.2017;73,7297
18.05.2017;73,3786
19.05.2017;74,3316
22.05.2017;74,3984
23.05.2017;75,3012
24.05.2017;75,7192
26.05.2017;75,7861
29.05.2017;75,6691
30.05.2017;75,4684
31.05.2017;75,0170
01.06.2017;75,8362
02.06.2017;76,2041
05.06.2017;75,7861
06.06.2017;75,6523
07.06.2017;76,1037
08.06.2017;75,7694
09.06.2017;76,5217
12.06.2017;75,7526
13.06.2017;76,5551
14.06.2017;76,3712
15.06.2017;75,7359
16.06.2017;76,6387
19.06.2017;77,6920
20.06.2017;77,1570
21.06.2017;76,6387
22.06.2017;76,2208
26.06.2017;76,1873
27.06.2017;75,3012
28.06.2017;75,3514
29.06.2017;73,9972
30.06.2017;73,9637
03.07.2017;75,0505
04.07.2017;74,8331
05.07.2017;75,1842
06.07.2017;74,7997
07.07.2017;75,0003
10.07.2017;75,5186
11.07.2017;75,1675
12.07.2017;76,5886
13.07.2017;76,7056
14.07.2017;76,8226
17.07.2017;77,1403
18.07.2017;76,2375
19.07.2017;75,7025
20.07.2017;75,4517
21.07.2017;74,4653
24.07.2017;73,7966
25.07.2017;72,6931
26.07.2017;73,4789
27.07.2017;73,7297
28.07.2017;72,9606
31.07.2017;72,3922
01.08.2017;73,0442
02.08.2017;72,9272
03.08.2017;72,9773
04.08.2017;73,5625
07.08.2017;73,5291
08.08.2017;73,7464
09.08.2017;73,2114
10.08.2017;72,5761
11.08.2017;72,1080
14.08.2017;72,9439
15.08.2017;72,8101
16.08.2017;73,4120
17.08.2017;73,3117
18.08.2017;72,6597
21.08.2017;72,4256
22.08.2017;73,0944
23.08.2017;73,0275
24.08.2017;72,8937
25.08.2017;73,0108
28.08.2017;72,2417
29.08.2017;71,5228
30.08.2017;72,2751
31.08.2017;72,8770
01.09.2017;73,2448
04.09.2017;72,9105
05.09.2017;72,5928
06.09.2017;72,7934
07.09.2017;72,9606
08.09.2017;72,8603
11.09.2017;73,6461
12.09.2017;74,2312
13.09.2017;74,0473
14.09.2017;73,6628
15.09.2017;73,5792
18.09.2017;74,0975
19.09.2017;74,1811
20.09.2017;74,2145
21.09.2017;74,2647
22.09.2017;74,0808
25.09.2017;73,9470
26.09.2017;73,9972
27.09.2017;74,0641
28.09.2017;74,7161
29.09.2017;74,6492
02.10.2017;75,0003
03.10.2017;75,6022
04.10.2017;75,6356
05.10.2017;75,9031
06.10.2017;75,6189
09.10.2017;76,0703
10.10.2017;75,9700
11.10.2017;75,8530
12.10.2017;75,9031
13.10.2017;76,0034
16.10.2017;76,0034
17.10.2017;76,0201
18.10.2017;76,0870
19.10.2017;76,0870
20.10.2017;76,7892
23.10.2017;77,4412
24.10.2017;77,4245
25.10.2017;76,9898
26.10.2017;75,7526
27.10.2017;76,5886
30.10.2017;75,9366
31.10.2017;75,4684
01.11.2017;76,0536
02.11.2017;76,0201
03.11.2017;76,2542
06.11.2017;76,5050
07.11.2017;75,9867
08.11.2017;75,9031
09.11.2017;74,7495
10.11.2017;74,5322
13.11.2017;74,1811
14.11.2017;73,7631
15.11.2017;73,5123
16.11.2017;74,1476
17.11.2017;73,8969
20.11.2017;74,4151
21.11.2017;74,4820
22.11.2017;74,1811
23.11.2017;73,9972
24.11.2017;74,0139
27.11.2017;73,2448
28.11.2017;73,5123
29.11.2017;73,6628
30.11.2017;73,4956
01.12.2017;72,7433
04.12.2017;73,0609
05.12.2017;72,9941
07.12.2017;72,5426
08.12.2017;73,0108
11.12.2017;73,0944
12.12.2017;73,2114
13.12.2017;73,6795
14.12.2017;73,2114
15.12.2017;73,2783
18.12.2017;74,0473
19.12.2017;74,0473
20.12.2017;73,5959
21.12.2017;74,0641
22.12.2017;73,9972
27.12.2017;74,1142
28.12.2017;73,7631
29.12.2017;73,5458
02.01.2018;73,7798
03.01.2018;74,3984
04.01.2018;74,9836
05.01.2018;75,4350
08.01.2018;75,6523
09.01.2018;76,0870
10.01.2018;75,7025
11.01.2018;75,5353
12.01.2018;75,7694
15.01.2018;75,5186
16.01.2018;75,6189
17.01.2018;75,7861
18.01.2018;76,1205
19.01.2018;76,7892
22.01.2018;77,2072
23.01.2018;77,2239
24.01.2018;76,5384
25.01.2018;75,5687
26.01.2018;76,0034
29.01.2018;76,2876
30.01.2018;75,7694
31.01.2018;75,6858
01.02.2018;77,6920
02.02.2018;76,9397
05.02.2018;76,2542
06.02.2018;74,5823
07.02.2018;76,0536
08.02.2018;74,2981
09.02.2018;73,5792
12.02.2018;74,6659
13.02.2018;74,4151
14.02.2018;75,4016
15.02.2018;76,2709
16.02.2018;77,5750
19.02.2018;77,1905
20.02.2018;77,7422
21.02.2018;78,0598
22.02.2018;77,6084
23.02.2018;77,7087
26.02.2018;78,3273
27.02.2018;78,1936
28.02.2018;77,7422
01.03.2018;76,7391
02.03.2018;75,1341
05.03.2018;75,8697
06.03.2018;76,2709
07.03.2018;76,7223
08.03.2018;77,8258
09.03.2018;78,0264
12.03.2018;77,9261
13.03.2018;77,0066
14.03.2018;76,9731
15.03.2018;77,5583
16.03.2018;77,3075
19.03.2018;76,7223
20.03.2018;77,1737
21.03.2018;77,3409
22.03.2018;76,1706
23.03.2018;75,8530
26.03.2018;75,1173
27.03.2018;76,0369
28.03.2018;75,9533
29.03.2018;76,7223
03.04.2018;75,9198
04.04.2018;75,1675
05.04.2018;76,7892
06.04.2018;76,4047
09.04.2018;76,2208
10.04.2018;76,7223
11.04.2018;76,2375
12.04.2018;77,1236
13.04.2018;77,6251
16.04.2018;77,3744
17.04.2018;78,3441
18.04.2018;78,5781
19.04.2018;79,1800
20.04.2018;79,3472
23.04.2018;79,6314
24.04.2018;79,0964
25.04.2018;78,9626
26.04.2018;80,0995
27.04.2018;80,8184
30.04.2018;80,8686
02.05.2018;80,7516
03.05.2018;79,7317
04.05.2018;80,5676
07.05.2018;81,3701
08.05.2018;82,1058
09.05.2018;81,9386
11.05.2018;82,7076
14.05.2018;82,5237
15.05.2018;82,6742
16.05.2018;82,9751
17.05.2018;83,3095
18.05.2018;83,3931
21.05.2018;84,0117
22.05.2018;84,6972
23.05.2018;83,3095
24.05.2018;82,9584
25.05.2018;82,7244
28.05.2018;82,9751
29.05.2018;81,8717
30.05.2018;82,3733
31.05.2018;82,5405
01.06.2018;83,5101
04.06.2018;84,1287
05.06.2018;83,8612
06.06.2018;84,2123
07.06.2018;84,1956
08.06.2018;84,0284
11.06.2018;84,0786
12.06.2018;83,5269
13.06.2018;83,6439
14.06.2018;84,1622
15.06.2018;83,6105
18.06.2018;82,8581
19.06.2018;81,9720
20.06.2018;82,3566
21.06.2018;81,3869
25.06.2018;80,7181
26.06.2018;80,9355
27.06.2018;81,2030
28.06.2018;80,7683
29.06.2018;81,4537
02.07.2018;80,5008
03.07.2018;80,9355
04.07.2018;80,5008
05.07.2018;80,9020
06.07.2018;81,3033
09.07.2018;82,2228
10.07.2018;83,0755
11.07.2018;82,0389
12.07.2018;82,3064
13.07.2018;81,6544
16.07.2018;82,0055
17.07.2018;83,5269
18.07.2018;83,8111
19.07.2018;83,3095
20.07.2018;81,9887
23.07.2018;81,9219
24.07.2018;82,8414
25.07.2018;82,8247
26.07.2018;83,0755
27.07.2018;83,2259
30.07.2018;83,0253
31.07.2018;82,6073
01.08.2018;83,2092
02.08.2018;82,4569
03.08.2018;82,8414
06.08.2018;82,8247
07.08.2018;83,4767
08.08.2018;83,5770
09.08.2018;83,5770
10.08.2018;82,5070
13.08.2018;82,1726
14.08.2018;81,9720
15.08.2018;80,5676
16.08.2018;81,5373
17.08.2018;81,6878
20.08.2018;82,5906
21.08.2018;83,0755
22.08.2018;83,5101
23.08.2018;83,7108
24.08.2018;83,6105
27.08.2018;84,5300
28.08.2018;85,4495
29.08.2018;85,4328
30.08.2018;85,4161
31.08.2018;84,7975
03.09.2018;84,6303
04.09.2018;83,4600
05.09.2018;82,3900
06.09.2018;81,7547
07.09.2018;82,1058
10.09.2018;82,3064
11.09.2018;82,5070
12.09.2018;82,5405
13.09.2018;82,4569
14.09.2018;83,1758
17.09.2018;83,1925
18.09.2018;83,4098
19.09.2018;83,8278
20.09.2018;84,0786
21.09.2018;84,8644
24.09.2018;84,5133
25.09.2018;84,7306
26.09.2018;84,2959
27.09.2018;85,3826
28.09.2018;84,5467
01.10.2018;84,0953
02.10.2018;83,3764
03.10.2018;83,4600
04.10.2018;82,9417
